id,new_cases,new_deaths
0,147.0,1.0
1,150.0,1.0
2,158.0,0.0
3,160.0,0.0
4,164.0,0.0
5,164.0,0.0
6,167.0,0.0
7,170.0,0.0
8,171.0,0.0
9,172.0,0.0
10,172.0,0.0
11,173.0,0.0
12,173.0,0.0
13,173.0,0.0
14,173.0,0.0
15,174.0,0.0
16,174.0,0.0
17,174.0,0.0
18,174.0,0.0
19,174.0,0.0
20,174.0,0.0
21,174.0,0.0
22,174.0,0.0
23,174.0,0.0
24,174.0,0.0
25,174.0,0.0
26,174.0,0.0
27,174.0,0.0
28,174.0,0.0
29,174.0,0.0
30,174.0,0.0
31,17.0,1.0
32,17.0,1.0
33,18.0,1.0
34,18.0,1.0
35,18.0,1.0
36,18.0,1.0
37,18.0,1.0
38,18.0,1.0
39,18.0,1.0
40,18.0,1.0
41,18.0,1.0
42,18.0,1.0
43,18.0,1.0
44,18.0,1.0
45,18.0,1.0
46,18.0,1.0
47,18.0,1.0
48,18.0,1.0
49,18.0,1.0
50,18.0,1.0
51,18.0,1.0
52,18.0,1.0
53,18.0,1.0
54,18.0,1.0
55,18.0,1.0
56,18.0,1.0
57,18.0,1.0
58,18.0,1.0
59,18.0,1.0
60,18.0,1.0
61,18.0,1.0
62,149.0,10.0
63,141.0,11.0
64,130.0,12.0
65,123.0,12.0
66,119.0,11.0
67,118.0,11.0
68,119.0,11.0
69,118.0,11.0
70,119.0,11.0
71,118.0,12.0
72,118.0,12.0
73,117.0,12.0
74,116.0,12.0
75,115.0,12.0
76,114.0,12.0
77,113.0,13.0
78,113.0,13.0
79,112.0,13.0
80,112.0,13.0
81,111.0,13.0
82,111.0,13.0
83,110.0,13.0
84,110.0,13.0
85,110.0,13.0
86,109.0,13.0
87,109.0,13.0
88,109.0,13.0
89,109.0,13.0
90,109.0,13.0
91,108.0,13.0
92,108.0,13.0
93,1.0,1.0
94,1.0,1.0
95,1.0,1.0
96,1.0,1.0
97,0.0,1.0
98,0.0,1.0
99,0.0,1.0
100,0.0,1.0
101,0.0,1.0
102,0.0,1.0
103,0.0,1.0
104,0.0,1.0
105,0.0,1.0
106,0.0,1.0
107,0.0,1.0
108,0.0,1.0
109,0.0,1.0
110,0.0,1.0
111,0.0,1.0
112,0.0,1.0
113,0.0,1.0
114,0.0,1.0
115,0.0,1.0
116,0.0,1.0
117,0.0,1.0
118,0.0,1.0
119,0.0,1.0
120,0.0,1.0
121,0.0,1.0
122,0.0,1.0
123,0.0,1.0
124,1.0,0.0
125,1.0,0.0
126,1.0,0.0
127,1.0,0.0
128,1.0,0.0
129,1.0,0.0
130,1.0,0.0
131,1.0,0.0
132,1.0,0.0
133,1.0,0.0
134,1.0,0.0
135,1.0,0.0
136,1.0,0.0
137,1.0,0.0
138,1.0,0.0
139,1.0,0.0
140,1.0,0.0
141,1.0,0.0
142,1.0,0.0
143,1.0,0.0
144,1.0,0.0
145,1.0,0.0
146,1.0,0.0
147,1.0,0.0
148,1.0,0.0
149,1.0,0.0
150,1.0,0.0
151,1.0,0.0
152,1.0,0.0
153,1.0,0.0
154,1.0,0.0
155,0.0,0.0
156,0.0,0.0
157,0.0,0.0
158,0.0,0.0
159,0.0,0.0
160,0.0,0.0
161,0.0,0.0
162,0.0,0.0
163,0.0,0.0
164,0.0,0.0
165,0.0,0.0
166,0.0,0.0
167,0.0,0.0
168,0.0,0.0
169,0.0,0.0
170,0.0,0.0
171,0.0,0.0
172,0.0,0.0
173,0.0,0.0
174,0.0,0.0
175,0.0,0.0
176,0.0,0.0
177,0.0,0.0
178,0.0,0.0
179,0.0,0.0
180,0.0,0.0
181,0.0,0.0
182,0.0,0.0
183,0.0,0.0
184,0.0,0.0
185,0.0,0.0
186,0.0,0.0
187,0.0,0.0
188,0.0,0.0
189,0.0,0.0
190,0.0,0.0
191,0.0,0.0
192,0.0,0.0
193,0.0,0.0
194,0.0,0.0
195,0.0,0.0
196,0.0,0.0
197,0.0,0.0
198,0.0,0.0
199,1.0,0.0
200,1.0,0.0
201,1.0,0.0
202,1.0,0.0
203,1.0,0.0
204,1.0,0.0
205,1.0,0.0
206,1.0,0.0
207,1.0,0.0
208,1.0,0.0
209,1.0,0.0
210,1.0,0.0
211,1.0,0.0
212,1.0,0.0
213,1.0,0.0
214,1.0,0.0
215,1.0,0.0
216,1.0,0.0
217,133.0,8.0
218,135.0,8.0
219,141.0,8.0
220,130.0,8.0
221,138.0,8.0
222,133.0,8.0
223,132.0,8.0
224,132.0,8.0
225,132.0,8.0
226,132.0,8.0
227,131.0,8.0
228,131.0,8.0
229,131.0,8.0
230,130.0,8.0
231,130.0,8.0
232,130.0,8.0
233,130.0,8.0
234,130.0,8.0
235,130.0,8.0
236,130.0,8.0
237,130.0,8.0
238,129.0,8.0
239,129.0,8.0
240,129.0,8.0
241,129.0,8.0
242,129.0,8.0
243,129.0,8.0
244,129.0,8.0
245,129.0,8.0
246,129.0,8.0
247,129.0,8.0
248,35.0,0.0
249,28.0,0.0
250,31.0,0.0
251,37.0,1.0
252,40.0,1.0
253,41.0,1.0
254,45.0,1.0
255,48.0,1.0
256,50.0,1.0
257,52.0,1.0
258,53.0,1.0
259,53.0,1.0
260,53.0,1.0
261,53.0,1.0
262,53.0,1.0
263,52.0,1.0
264,51.0,1.0
265,51.0,1.0
266,50.0,1.0
267,50.0,1.0
268,50.0,1.0
269,50.0,1.0
270,50.0,1.0
271,50.0,1.0
272,50.0,1.0
273,50.0,1.0
274,50.0,1.0
275,50.0,1.0
276,50.0,1.0
277,50.0,1.0
278,50.0,1.0
279,1.0,0.0
280,1.0,0.0
281,1.0,0.0
282,1.0,0.0
283,1.0,0.0
284,1.0,0.0
285,1.0,0.0
286,1.0,0.0
287,1.0,0.0
288,1.0,0.0
289,1.0,0.0
290,1.0,0.0
291,1.0,0.0
292,1.0,0.0
293,1.0,0.0
294,1.0,0.0
295,1.0,0.0
296,1.0,0.0
297,1.0,0.0
298,1.0,0.0
299,1.0,0.0
300,1.0,0.0
301,1.0,0.0
302,1.0,0.0
303,1.0,0.0
304,1.0,0.0
305,1.0,0.0
306,1.0,0.0
307,1.0,0.0
308,1.0,0.0
309,1.0,0.0
310,14.0,2.0
311,12.0,2.0
312,19.0,2.0
313,20.0,2.0
314,23.0,2.0
315,23.0,2.0
316,34.0,1.0
317,38.0,1.0
318,42.0,1.0
319,47.0,1.0
320,51.0,1.0
321,55.0,2.0
322,59.0,2.0
323,63.0,2.0
324,65.0,2.0
325,67.0,2.0
326,68.0,2.0
327,68.0,2.0
328,67.0,2.0
329,66.0,2.0
330,63.0,2.0
331,61.0,2.0
332,58.0,2.0
333,55.0,2.0
334,52.0,2.0
335,49.0,2.0
336,47.0,2.0
337,45.0,2.0
338,43.0,2.0
339,42.0,2.0
340,41.0,2.0
341,60.0,12.0
342,64.0,12.0
343,50.0,12.0
344,68.0,12.0
345,57.0,12.0
346,47.0,12.0
347,58.0,12.0
348,57.0,12.0
349,57.0,12.0
350,57.0,12.0
351,57.0,12.0
352,56.0,12.0
353,56.0,12.0
354,57.0,12.0
355,57.0,12.0
356,57.0,12.0
357,57.0,12.0
358,58.0,12.0
359,58.0,12.0
360,58.0,12.0
361,58.0,12.0
362,58.0,12.0
363,58.0,12.0
364,58.0,12.0
365,58.0,12.0
366,58.0,12.0
367,58.0,12.0
368,58.0,12.0
369,58.0,12.0
370,58.0,12.0
371,58.0,12.0
372,48.0,1.0
373,50.0,1.0
374,54.0,1.0
375,54.0,1.0
376,54.0,1.0
377,55.0,1.0
378,54.0,1.0
379,54.0,1.0
380,54.0,1.0
381,53.0,1.0
382,53.0,1.0
383,52.0,1.0
384,52.0,1.0
385,52.0,1.0
386,52.0,1.0
387,52.0,1.0
388,52.0,1.0
389,52.0,1.0
390,52.0,1.0
391,52.0,1.0
392,52.0,1.0
393,52.0,1.0
394,52.0,1.0
395,52.0,1.0
396,52.0,1.0
397,52.0,1.0
398,52.0,1.0
399,52.0,1.0
400,52.0,1.0
401,52.0,1.0
402,52.0,1.0
403,2.0,0.0
404,2.0,0.0
405,2.0,0.0
406,2.0,0.0
407,2.0,0.0
408,2.0,0.0
409,2.0,0.0
410,2.0,0.0
411,2.0,0.0
412,2.0,0.0
413,2.0,0.0
414,2.0,0.0
415,2.0,0.0
416,2.0,0.0
417,2.0,0.0
418,2.0,0.0
419,2.0,0.0
420,2.0,0.0
421,2.0,0.0
422,2.0,0.0
423,2.0,0.0
424,2.0,0.0
425,2.0,0.0
426,2.0,0.0
427,2.0,0.0
428,2.0,0.0
429,2.0,0.0
430,2.0,0.0
431,2.0,0.0
432,2.0,0.0
433,2.0,0.0
434,104.0,0.0
435,97.0,0.0
436,85.0,0.0
437,87.0,0.0
438,90.0,0.0
439,91.0,0.0
440,91.0,0.0
441,90.0,0.0
442,90.0,0.0
443,89.0,0.0
444,90.0,0.0
445,90.0,0.0
446,90.0,0.0
447,90.0,0.0
448,90.0,0.0
449,90.0,0.0
450,90.0,0.0
451,90.0,0.0
452,90.0,0.0
453,90.0,0.0
454,90.0,0.0
455,90.0,0.0
456,90.0,0.0
457,90.0,0.0
458,90.0,0.0
459,89.0,0.0
460,89.0,0.0
461,89.0,0.0
462,89.0,0.0
463,89.0,0.0
464,89.0,0.0
465,476.0,7.0
466,482.0,7.0
467,488.0,6.0
468,494.0,6.0
469,501.0,6.0
470,500.0,6.0
471,503.0,6.0
472,491.0,6.0
473,491.0,6.0
474,491.0,6.0
475,491.0,6.0
476,490.0,6.0
477,490.0,6.0
478,489.0,6.0
479,489.0,6.0
480,489.0,6.0
481,489.0,6.0
482,489.0,6.0
483,489.0,6.0
484,489.0,6.0
485,489.0,6.0
486,489.0,6.0
487,489.0,6.0
488,489.0,6.0
489,489.0,6.0
490,489.0,6.0
491,489.0,6.0
492,489.0,6.0
493,489.0,6.0
494,489.0,6.0
495,489.0,6.0
496,1.0,0.0
497,1.0,0.0
498,1.0,0.0
499,0.0,0.0
500,0.0,0.0
501,0.0,0.0
502,0.0,0.0
503,1.0,0.0
504,1.0,0.0
505,1.0,0.0
506,1.0,0.0
507,1.0,0.0
508,1.0,0.0
509,1.0,0.0
510,1.0,0.0
511,1.0,0.0
512,1.0,0.0
513,1.0,0.0
514,1.0,0.0
515,1.0,0.0
516,1.0,0.0
517,1.0,0.0
518,1.0,0.0
519,1.0,0.0
520,1.0,0.0
521,1.0,0.0
522,1.0,0.0
523,1.0,0.0
524,1.0,0.0
525,1.0,0.0
526,1.0,0.0
527,1006.0,4.0
528,1019.0,4.0
529,1048.0,4.0
530,1097.0,4.0
531,1167.0,4.0
532,1203.0,4.0
533,1248.0,4.0
534,1310.0,5.0
535,1351.0,5.0
536,1396.0,5.0
537,1439.0,5.0
538,1477.0,5.0
539,1507.0,5.0
540,1535.0,5.0
541,1560.0,5.0
542,1579.0,5.0
543,1595.0,5.0
544,1609.0,5.0
545,1619.0,5.0
546,1628.0,5.0
547,1635.0,5.0
548,1640.0,5.0
549,1645.0,5.0
550,1648.0,5.0
551,1651.0,5.0
552,1653.0,5.0
553,1655.0,5.0
554,1656.0,5.0
555,1657.0,5.0
556,1658.0,5.0
557,1659.0,5.0
558,916.0,139.0
559,966.0,136.0
560,987.0,131.0
561,1049.0,133.0
562,1104.0,141.0
563,1150.0,154.0
564,1194.0,168.0
565,1253.0,184.0
566,1280.0,198.0
567,1295.0,212.0
568,1298.0,226.0
569,1292.0,238.0
570,1280.0,247.0
571,1265.0,253.0
572,1248.0,257.0
573,1230.0,258.0
574,1213.0,257.0
575,1196.0,255.0
576,1181.0,252.0
577,1169.0,249.0
578,1159.0,245.0
579,1151.0,242.0
580,1146.0,238.0
581,1142.0,235.0
582,1141.0,233.0
583,1141.0,231.0
584,1142.0,229.0
585,1144.0,228.0
586,1147.0,228.0
587,1150.0,227.0
588,1153.0,227.0
589,0.0,0.0
590,0.0,0.0
591,0.0,0.0
592,0.0,0.0
593,0.0,0.0
594,0.0,0.0
595,0.0,0.0
596,0.0,0.0
597,0.0,0.0
598,0.0,0.0
599,0.0,0.0
600,0.0,0.0
601,0.0,0.0
602,0.0,0.0
603,0.0,0.0
604,0.0,0.0
605,0.0,0.0
606,0.0,0.0
607,0.0,0.0
608,0.0,0.0
609,0.0,0.0
610,0.0,0.0
611,0.0,0.0
612,0.0,0.0
613,0.0,0.0
614,0.0,0.0
615,0.0,0.0
616,0.0,0.0
617,0.0,0.0
618,0.0,0.0
619,0.0,0.0
620,2.0,0.0
621,2.0,0.0
622,2.0,0.0
623,2.0,0.0
624,2.0,0.0
625,2.0,0.0
626,2.0,0.0
627,2.0,0.0
628,2.0,0.0
629,2.0,0.0
630,2.0,0.0
631,2.0,0.0
632,2.0,0.0
633,2.0,0.0
634,2.0,0.0
635,2.0,0.0
636,2.0,0.0
637,2.0,0.0
638,2.0,0.0
639,2.0,0.0
640,2.0,0.0
641,2.0,0.0
642,2.0,0.0
643,2.0,0.0
644,2.0,0.0
645,2.0,0.0
646,2.0,0.0
647,2.0,0.0
648,2.0,0.0
649,2.0,0.0
650,2.0,0.0
651,3.0,0.0
652,3.0,0.0
653,3.0,0.0
654,3.0,0.0
655,3.0,0.0
656,3.0,0.0
657,3.0,0.0
658,3.0,0.0
659,3.0,0.0
660,3.0,0.0
661,3.0,0.0
662,3.0,0.0
663,3.0,0.0
664,3.0,0.0
665,3.0,0.0
666,3.0,0.0
667,3.0,0.0
668,3.0,0.0
669,3.0,0.0
670,3.0,0.0
671,3.0,0.0
672,3.0,0.0
673,3.0,0.0
674,3.0,0.0
675,3.0,0.0
676,3.0,0.0
677,3.0,0.0
678,3.0,0.0
679,3.0,0.0
680,3.0,0.0
681,3.0,0.0
682,0.0,0.0
683,0.0,0.0
684,0.0,0.0
685,0.0,0.0
686,0.0,0.0
687,0.0,0.0
688,0.0,0.0
689,0.0,0.0
690,0.0,0.0
691,0.0,0.0
692,0.0,0.0
693,0.0,0.0
694,0.0,0.0
695,0.0,0.0
696,0.0,0.0
697,0.0,0.0
698,0.0,0.0
699,0.0,0.0
700,0.0,0.0
701,0.0,0.0
702,0.0,0.0
703,0.0,0.0
704,0.0,0.0
705,0.0,0.0
706,0.0,0.0
707,0.0,0.0
708,0.0,0.0
709,0.0,0.0
710,0.0,0.0
711,0.0,0.0
712,0.0,0.0
713,67.0,3.0
714,69.0,3.0
715,65.0,3.0
716,65.0,3.0
717,64.0,3.0
718,64.0,3.0
719,66.0,3.0
720,67.0,3.0
721,67.0,3.0
722,67.0,3.0
723,67.0,3.0
724,67.0,3.0
725,67.0,3.0
726,67.0,3.0
727,68.0,3.0
728,68.0,3.0
729,68.0,3.0
730,68.0,3.0
731,68.0,3.0
732,68.0,3.0
733,68.0,3.0
734,68.0,3.0
735,68.0,3.0
736,68.0,3.0
737,68.0,3.0
738,68.0,3.0
739,68.0,3.0
740,68.0,3.0
741,68.0,3.0
742,68.0,3.0
743,68.0,3.0
744,0.0,0.0
745,0.0,0.0
746,0.0,0.0
747,0.0,0.0
748,0.0,0.0
749,0.0,0.0
750,0.0,0.0
751,0.0,0.0
752,0.0,0.0
753,0.0,0.0
754,0.0,0.0
755,0.0,0.0
756,0.0,0.0
757,0.0,0.0
758,0.0,0.0
759,0.0,0.0
760,0.0,0.0
761,0.0,0.0
762,0.0,0.0
763,0.0,0.0
764,0.0,0.0
765,0.0,0.0
766,0.0,0.0
767,0.0,0.0
768,0.0,0.0
769,0.0,0.0
770,0.0,0.0
771,0.0,0.0
772,0.0,0.0
773,0.0,0.0
774,0.0,0.0
775,39.0,1.0
776,38.0,1.0
777,38.0,1.0
778,38.0,2.0
779,38.0,2.0
780,39.0,2.0
781,40.0,2.0
782,41.0,2.0
783,41.0,2.0
784,41.0,2.0
785,41.0,2.0
786,41.0,2.0
787,41.0,2.0
788,41.0,2.0
789,42.0,2.0
790,42.0,2.0
791,42.0,2.0
792,42.0,2.0
793,42.0,2.0
794,42.0,2.0
795,42.0,2.0
796,42.0,2.0
797,42.0,2.0
798,42.0,2.0
799,42.0,2.0
800,42.0,2.0
801,42.0,2.0
802,42.0,2.0
803,42.0,2.0
804,42.0,2.0
805,42.0,2.0
806,1.0,0.0
807,1.0,0.0
808,1.0,0.0
809,1.0,0.0
810,1.0,0.0
811,1.0,0.0
812,1.0,0.0
813,1.0,0.0
814,1.0,0.0
815,1.0,0.0
816,1.0,0.0
817,1.0,0.0
818,1.0,0.0
819,1.0,0.0
820,1.0,0.0
821,1.0,0.0
822,1.0,0.0
823,1.0,0.0
824,1.0,0.0
825,1.0,0.0
826,1.0,0.0
827,1.0,0.0
828,1.0,0.0
829,1.0,0.0
830,1.0,0.0
831,1.0,0.0
832,1.0,0.0
833,1.0,0.0
834,1.0,0.0
835,1.0,0.0
836,1.0,0.0
837,6095.0,461.0
838,6588.0,489.0
839,7169.0,532.0
840,7579.0,551.0
841,8242.0,617.0
842,8676.0,652.0
843,9012.0,669.0
844,9294.0,683.0
845,9533.0,697.0
846,9710.0,709.0
847,9836.0,716.0
848,9926.0,722.0
849,9987.0,726.0
850,10031.0,728.0
851,10064.0,730.0
852,10086.0,731.0
853,10102.0,732.0
854,10112.0,732.0
855,10120.0,732.0
856,10124.0,733.0
857,10128.0,733.0
858,10130.0,733.0
859,10132.0,733.0
860,10133.0,733.0
861,10134.0,733.0
862,10134.0,733.0
863,10135.0,733.0
864,10135.0,733.0
865,10135.0,733.0
866,10135.0,733.0
867,10135.0,733.0
868,0.0,0.0
869,0.0,0.0
870,0.0,0.0
871,0.0,0.0
872,0.0,0.0
873,0.0,0.0
874,0.0,0.0
875,0.0,0.0
876,0.0,0.0
877,0.0,0.0
878,0.0,0.0
879,0.0,0.0
880,0.0,0.0
881,0.0,0.0
882,0.0,0.0
883,0.0,0.0
884,0.0,0.0
885,0.0,0.0
886,0.0,0.0
887,0.0,0.0
888,0.0,0.0
889,0.0,0.0
890,0.0,0.0
891,0.0,0.0
892,0.0,0.0
893,0.0,0.0
894,0.0,0.0
895,0.0,0.0
896,0.0,0.0
897,0.0,0.0
898,0.0,0.0
899,0.0,0.0
900,0.0,0.0
901,0.0,0.0
902,0.0,0.0
903,0.0,0.0
904,0.0,0.0
905,0.0,0.0
906,0.0,0.0
907,0.0,0.0
908,0.0,0.0
909,0.0,0.0
910,0.0,0.0
911,0.0,0.0
912,0.0,0.0
913,0.0,0.0
914,0.0,0.0
915,0.0,0.0
916,0.0,0.0
917,0.0,0.0
918,0.0,0.0
919,0.0,0.0
920,0.0,0.0
921,0.0,0.0
922,0.0,0.0
923,0.0,0.0
924,0.0,0.0
925,0.0,0.0
926,0.0,0.0
927,0.0,0.0
928,0.0,0.0
929,0.0,0.0
930,56.0,3.0
931,55.0,3.0
932,53.0,2.0
933,53.0,2.0
934,53.0,2.0
935,53.0,2.0
936,54.0,3.0
937,54.0,3.0
938,54.0,3.0
939,54.0,2.0
940,54.0,2.0
941,54.0,3.0
942,54.0,3.0
943,54.0,3.0
944,54.0,3.0
945,54.0,3.0
946,54.0,3.0
947,54.0,3.0
948,54.0,3.0
949,54.0,3.0
950,54.0,3.0
951,54.0,3.0
952,54.0,3.0
953,54.0,3.0
954,54.0,3.0
955,54.0,3.0
956,54.0,3.0
957,54.0,3.0
958,54.0,3.0
959,54.0,3.0
960,54.0,3.0
961,8.0,0.0
962,8.0,0.0
963,8.0,0.0
964,8.0,0.0
965,9.0,1.0
966,10.0,1.0
967,11.0,1.0
968,12.0,1.0
969,12.0,1.0
970,12.0,1.0
971,13.0,1.0
972,13.0,1.0
973,13.0,1.0
974,13.0,1.0
975,13.0,1.0
976,13.0,1.0
977,14.0,1.0
978,14.0,1.0
979,14.0,1.0
980,14.0,1.0
981,14.0,1.0
982,14.0,1.0
983,14.0,1.0
984,14.0,1.0
985,14.0,1.0
986,14.0,1.0
987,14.0,1.0
988,14.0,1.0
989,14.0,1.0
990,14.0,1.0
991,14.0,1.0
992,1.0,0.0
993,1.0,0.0
994,1.0,0.0
995,1.0,0.0
996,1.0,0.0
997,1.0,0.0
998,1.0,0.0
999,1.0,0.0
1000,1.0,0.0
1001,1.0,0.0
1002,1.0,0.0
1003,1.0,0.0
1004,1.0,0.0
1005,1.0,0.0
1006,1.0,0.0
1007,1.0,0.0
1008,1.0,0.0
1009,1.0,0.0
1010,1.0,0.0
1011,1.0,0.0
1012,1.0,0.0
1013,1.0,0.0
1014,1.0,0.0
1015,1.0,0.0
1016,1.0,0.0
1017,1.0,0.0
1018,1.0,0.0
1019,1.0,0.0
1020,1.0,0.0
1021,1.0,0.0
1022,1.0,0.0
1023,2.0,0.0
1024,2.0,0.0
1025,2.0,0.0
1026,2.0,0.0
1027,2.0,0.0
1028,2.0,0.0
1029,2.0,0.0
1030,2.0,0.0
1031,2.0,0.0
1032,2.0,0.0
1033,2.0,0.0
1034,2.0,0.0
1035,2.0,0.0
1036,2.0,0.0
1037,2.0,0.0
1038,2.0,0.0
1039,2.0,0.0
1040,2.0,0.0
1041,2.0,0.0
1042,2.0,0.0
1043,2.0,0.0
1044,2.0,0.0
1045,2.0,0.0
1046,2.0,0.0
1047,2.0,0.0
1048,2.0,0.0
1049,2.0,0.0
1050,2.0,0.0
1051,2.0,0.0
1052,2.0,0.0
1053,2.0,0.0
1054,72.0,3.0
1055,65.0,3.0
1056,68.0,3.0
1057,66.0,3.0
1058,65.0,3.0
1059,67.0,3.0
1060,65.0,3.0
1061,66.0,3.0
1062,66.0,3.0
1063,66.0,3.0
1064,66.0,3.0
1065,66.0,3.0
1066,66.0,3.0
1067,66.0,3.0
1068,66.0,3.0
1069,66.0,3.0
1070,66.0,3.0
1071,66.0,3.0
1072,66.0,3.0
1073,66.0,3.0
1074,66.0,3.0
1075,66.0,3.0
1076,66.0,3.0
1077,66.0,3.0
1078,66.0,3.0
1079,66.0,3.0
1080,66.0,3.0
1081,66.0,3.0
1082,66.0,3.0
1083,66.0,3.0
1084,66.0,3.0
1085,1684.0,147.0
1086,1684.0,147.0
1087,1686.0,147.0
1088,1682.0,147.0
1089,1694.0,148.0
1090,1694.0,148.0
1091,1692.0,148.0
1092,1693.0,148.0
1093,1693.0,148.0
1094,1694.0,148.0
1095,1694.0,148.0
1096,1694.0,148.0
1097,1694.0,148.0
1098,1694.0,148.0
1099,1694.0,148.0
1100,1694.0,148.0
1101,1694.0,148.0
1102,1694.0,148.0
1103,1694.0,148.0
1104,1694.0,148.0
1105,1694.0,148.0
1106,1694.0,148.0
1107,1694.0,148.0
1108,1694.0,148.0
1109,1694.0,148.0
1110,1694.0,148.0
1111,1694.0,148.0
1112,1694.0,148.0
1113,1694.0,148.0
1114,1694.0,148.0
1115,1694.0,148.0
1116,5.0,0.0
1117,5.0,0.0
1118,5.0,0.0
1119,5.0,0.0
1120,4.0,0.0
1121,4.0,0.0
1122,4.0,0.0
1123,5.0,0.0
1124,4.0,0.0
1125,4.0,0.0
1126,4.0,0.0
1127,4.0,0.0
1128,4.0,0.0
1129,4.0,0.0
1130,5.0,0.0
1131,5.0,0.0
1132,5.0,0.0
1133,5.0,0.0
1134,5.0,0.0
1135,5.0,0.0
1136,5.0,0.0
1137,5.0,0.0
1138,5.0,0.0
1139,5.0,0.0
1140,5.0,0.0
1141,5.0,0.0
1142,5.0,0.0
1143,5.0,0.0
1144,5.0,0.0
1145,5.0,0.0
1146,5.0,0.0
1147,2.0,0.0
1148,2.0,0.0
1149,2.0,0.0
1150,2.0,0.0
1151,2.0,0.0
1152,2.0,0.0
1153,2.0,0.0
1154,2.0,0.0
1155,2.0,0.0
1156,2.0,0.0
1157,2.0,0.0
1158,2.0,0.0
1159,2.0,0.0
1160,2.0,0.0
1161,2.0,0.0
1162,2.0,0.0
1163,2.0,0.0
1164,2.0,0.0
1165,2.0,0.0
1166,2.0,0.0
1167,2.0,0.0
1168,2.0,0.0
1169,2.0,0.0
1170,2.0,0.0
1171,2.0,0.0
1172,2.0,0.0
1173,2.0,0.0
1174,2.0,0.0
1175,2.0,0.0
1176,2.0,0.0
1177,2.0,0.0
1178,2.0,0.0
1179,2.0,0.0
1180,2.0,0.0
1181,3.0,0.0
1182,3.0,0.0
1183,2.0,0.0
1184,2.0,0.0
1185,2.0,0.0
1186,2.0,0.0
1187,2.0,0.0
1188,2.0,0.0
1189,2.0,0.0
1190,2.0,0.0
1191,2.0,0.0
1192,2.0,0.0
1193,2.0,0.0
1194,2.0,0.0
1195,2.0,0.0
1196,2.0,0.0
1197,2.0,0.0
1198,2.0,0.0
1199,2.0,0.0
1200,2.0,0.0
1201,2.0,0.0
1202,2.0,0.0
1203,2.0,0.0
1204,2.0,0.0
1205,2.0,0.0
1206,2.0,0.0
1207,2.0,0.0
1208,2.0,0.0
1209,2.0,0.0
1210,2.0,0.0
1211,2.0,0.0
1212,2.0,0.0
1213,2.0,0.0
1214,2.0,0.0
1215,2.0,0.0
1216,2.0,0.0
1217,2.0,0.0
1218,2.0,0.0
1219,2.0,0.0
1220,2.0,0.0
1221,2.0,0.0
1222,2.0,0.0
1223,2.0,0.0
1224,2.0,0.0
1225,2.0,0.0
1226,2.0,0.0
1227,2.0,0.0
1228,2.0,0.0
1229,2.0,0.0
1230,2.0,0.0
1231,2.0,0.0
1232,2.0,0.0
1233,2.0,0.0
1234,2.0,0.0
1235,2.0,0.0
1236,2.0,0.0
1237,2.0,0.0
1238,2.0,0.0
1239,2.0,0.0
1240,474.0,9.0
1241,474.0,9.0
1242,479.0,9.0
1243,478.0,9.0
1244,481.0,9.0
1245,482.0,9.0
1246,478.0,9.0
1247,476.0,9.0
1248,476.0,9.0
1249,476.0,9.0
1250,476.0,9.0
1251,476.0,9.0
1252,476.0,9.0
1253,475.0,9.0
1254,475.0,9.0
1255,475.0,9.0
1256,475.0,9.0
1257,475.0,9.0
1258,475.0,9.0
1259,475.0,9.0
1260,475.0,9.0
1261,475.0,9.0
1262,475.0,9.0
1263,475.0,9.0
1264,475.0,9.0
1265,475.0,9.0
1266,475.0,9.0
1267,474.0,9.0
1268,474.0,9.0
1269,474.0,9.0
1270,474.0,9.0
1271,155.0,47.0
1272,157.0,47.0
1273,159.0,47.0
1274,160.0,47.0
1275,161.0,47.0
1276,162.0,47.0
1277,163.0,47.0
1278,164.0,48.0
1279,164.0,48.0
1280,164.0,48.0
1281,164.0,48.0
1282,164.0,48.0
1283,164.0,48.0
1284,164.0,48.0
1285,164.0,48.0
1286,164.0,48.0
1287,164.0,48.0
1288,164.0,48.0
1289,164.0,48.0
1290,164.0,48.0
1291,164.0,48.0
1292,164.0,48.0
1293,164.0,48.0
1294,164.0,48.0
1295,164.0,48.0
1296,164.0,48.0
1297,164.0,48.0
1298,164.0,48.0
1299,164.0,48.0
1300,164.0,48.0
1301,164.0,48.0
1302,222.0,11.0
1303,221.0,11.0
1304,218.0,11.0
1305,216.0,11.0
1306,214.0,11.0
1307,213.0,11.0
1308,212.0,11.0
1309,211.0,11.0
1310,210.0,11.0
1311,210.0,11.0
1312,210.0,11.0
1313,210.0,11.0
1314,210.0,11.0
1315,210.0,11.0
1316,210.0,11.0
1317,210.0,11.0
1318,210.0,11.0
1319,210.0,11.0
1320,210.0,11.0
1321,209.0,11.0
1322,209.0,11.0
1323,209.0,11.0
1324,209.0,11.0
1325,209.0,11.0
1326,209.0,11.0
1327,209.0,11.0
1328,209.0,11.0
1329,209.0,11.0
1330,209.0,11.0
1331,209.0,11.0
1332,209.0,11.0
1333,5.0,0.0
1334,5.0,0.0
1335,5.0,0.0
1336,7.0,0.0
1337,7.0,0.0
1338,6.0,0.0
1339,6.0,0.0
1340,7.0,0.0
1341,7.0,0.0
1342,7.0,0.0
1343,7.0,0.0
1344,7.0,0.0
1345,7.0,0.0
1346,7.0,0.0
1347,7.0,0.0
1348,7.0,0.0
1349,7.0,0.0
1350,7.0,0.0
1351,7.0,0.0
1352,7.0,0.0
1353,7.0,0.0
1354,7.0,0.0
1355,7.0,0.0
1356,7.0,0.0
1357,7.0,0.0
1358,7.0,0.0
1359,7.0,0.0
1360,7.0,0.0
1361,7.0,0.0
1362,7.0,0.0
1363,7.0,0.0
1364,8.0,0.0
1365,8.0,0.0
1366,9.0,0.0
1367,9.0,0.0
1368,10.0,0.0
1369,10.0,0.0
1370,10.0,0.0
1371,11.0,0.0
1372,11.0,0.0
1373,11.0,0.0
1374,11.0,0.0
1375,12.0,0.0
1376,12.0,0.0
1377,12.0,0.0
1378,12.0,0.0
1379,12.0,0.0
1380,12.0,0.0
1381,12.0,0.0
1382,12.0,0.0
1383,13.0,0.0
1384,13.0,0.0
1385,13.0,0.0
1386,13.0,0.0
1387,13.0,0.0
1388,13.0,0.0
1389,13.0,0.0
1390,13.0,0.0
1391,13.0,0.0
1392,13.0,0.0
1393,13.0,0.0
1394,13.0,0.0
1395,36.0,1.0
1396,35.0,1.0
1397,34.0,1.0
1398,35.0,1.0
1399,36.0,1.0
1400,38.0,1.0
1401,39.0,1.0
1402,38.0,1.0
1403,39.0,1.0
1404,39.0,1.0
1405,39.0,1.0
1406,39.0,1.0
1407,39.0,1.0
1408,39.0,1.0
1409,39.0,1.0
1410,39.0,1.0
1411,39.0,1.0
1412,39.0,1.0
1413,40.0,1.0
1414,40.0,1.0
1415,40.0,1.0
1416,40.0,1.0
1417,40.0,1.0
1418,40.0,1.0
1419,40.0,1.0
1420,40.0,1.0
1421,40.0,1.0
1422,40.0,1.0
1423,40.0,1.0
1424,40.0,1.0
1425,40.0,1.0
1426,12.0,1.0
1427,12.0,1.0
1428,13.0,1.0
1429,16.0,1.0
1430,18.0,1.0
1431,21.0,1.0
1432,25.0,1.0
1433,29.0,1.0
1434,33.0,1.0
1435,36.0,1.0
1436,39.0,1.0
1437,41.0,1.0
1438,43.0,2.0
1439,45.0,2.0
1440,45.0,2.0
1441,46.0,2.0
1442,46.0,2.0
1443,46.0,2.0
1444,45.0,2.0
1445,45.0,2.0
1446,44.0,2.0
1447,44.0,2.0
1448,43.0,2.0
1449,42.0,2.0
1450,42.0,2.0
1451,41.0,2.0
1452,41.0,2.0
1453,41.0,2.0
1454,40.0,2.0
1455,40.0,2.0
1456,40.0,2.0
1457,41.0,2.0
1458,43.0,2.0
1459,45.0,2.0
1460,47.0,2.0
1461,50.0,2.0
1462,51.0,2.0
1463,52.0,2.0
1464,51.0,2.0
1465,51.0,2.0
1466,51.0,2.0
1467,50.0,2.0
1468,50.0,2.0
1469,49.0,2.0
1470,48.0,2.0
1471,48.0,2.0
1472,48.0,2.0
1473,48.0,2.0
1474,48.0,2.0
1475,48.0,2.0
1476,48.0,2.0
1477,48.0,2.0
1478,48.0,2.0
1479,48.0,2.0
1480,48.0,2.0
1481,48.0,2.0
1482,48.0,2.0
1483,48.0,2.0
1484,48.0,2.0
1485,48.0,2.0
1486,48.0,2.0
1487,48.0,2.0
1488,0.0,0.0
1489,0.0,0.0
1490,0.0,0.0
1491,0.0,0.0
1492,0.0,0.0
1493,0.0,0.0
1494,0.0,0.0
1495,0.0,0.0
1496,0.0,0.0
1497,0.0,0.0
1498,0.0,0.0
1499,0.0,0.0
1500,0.0,0.0
1501,0.0,0.0
1502,0.0,0.0
1503,0.0,0.0
1504,0.0,0.0
1505,0.0,0.0
1506,0.0,0.0
1507,0.0,0.0
1508,0.0,0.0
1509,0.0,0.0
1510,0.0,0.0
1511,0.0,0.0
1512,0.0,0.0
1513,0.0,0.0
1514,0.0,0.0
1515,0.0,0.0
1516,0.0,0.0
1517,0.0,0.0
1518,0.0,0.0
1519,11.0,0.0
1520,11.0,0.0
1521,12.0,1.0
1522,13.0,1.0
1523,14.0,1.0
1524,14.0,1.0
1525,15.0,1.0
1526,16.0,0.0
1527,17.0,0.0
1528,17.0,0.0
1529,17.0,0.0
1530,18.0,0.0
1531,18.0,0.0
1532,18.0,0.0
1533,18.0,0.0
1534,18.0,0.0
1535,18.0,0.0
1536,18.0,0.0
1537,18.0,0.0
1538,18.0,0.0
1539,18.0,0.0
1540,18.0,0.0
1541,18.0,0.0
1542,18.0,0.0
1543,18.0,0.0
1544,18.0,0.0
1545,18.0,0.0
1546,18.0,0.0
1547,18.0,0.0
1548,18.0,0.0
1549,18.0,0.0
1550,82.0,2.0
1551,87.0,2.0
1552,84.0,2.0
1553,85.0,2.0
1554,91.0,2.0
1555,96.0,2.0
1556,119.0,2.0
1557,109.0,3.0
1558,113.0,3.0
1559,117.0,3.0
1560,124.0,3.0
1561,133.0,3.0
1562,142.0,3.0
1563,153.0,3.0
1564,151.0,4.0
1565,159.0,4.0
1566,167.0,4.0
1567,176.0,5.0
1568,184.0,5.0
1569,190.0,5.0
1570,193.0,6.0
1571,193.0,6.0
1572,194.0,7.0
1573,193.0,7.0
1574,189.0,8.0
1575,181.0,8.0
1576,170.0,8.0
1577,157.0,8.0
1578,143.0,8.0
1579,131.0,8.0
1580,121.0,8.0
1581,16.0,1.0
1582,16.0,1.0
1583,15.0,1.0
1584,15.0,1.0
1585,15.0,1.0
1586,15.0,1.0
1587,15.0,1.0
1588,15.0,1.0
1589,15.0,1.0
1590,15.0,1.0
1591,15.0,1.0
1592,15.0,1.0
1593,15.0,1.0
1594,15.0,1.0
1595,15.0,1.0
1596,15.0,1.0
1597,15.0,1.0
1598,15.0,1.0
1599,15.0,1.0
1600,15.0,1.0
1601,15.0,1.0
1602,15.0,1.0
1603,15.0,1.0
1604,15.0,1.0
1605,15.0,1.0
1606,15.0,1.0
1607,15.0,1.0
1608,15.0,1.0
1609,15.0,1.0
1610,15.0,1.0
1611,15.0,1.0
1612,165.0,9.0
1613,179.0,10.0
1614,193.0,10.0
1615,208.0,11.0
1616,218.0,12.0
1617,226.0,12.0
1618,232.0,13.0
1619,235.0,13.0
1620,235.0,13.0
1621,233.0,13.0
1622,229.0,13.0
1623,223.0,13.0
1624,218.0,13.0
1625,212.0,12.0
1626,208.0,12.0
1627,205.0,12.0
1628,203.0,12.0
1629,202.0,12.0
1630,202.0,12.0
1631,204.0,12.0
1632,206.0,12.0
1633,208.0,12.0
1634,210.0,12.0
1635,211.0,12.0
1636,213.0,12.0
1637,214.0,12.0
1638,214.0,12.0
1639,215.0,12.0
1640,214.0,12.0
1641,214.0,12.0
1642,213.0,12.0
1643,16.0,0.0
1644,17.0,0.0
1645,19.0,0.0
1646,21.0,0.0
1647,24.0,0.0
1648,29.0,0.0
1649,35.0,0.0
1650,41.0,0.0
1651,43.0,0.0
1652,45.0,0.0
1653,46.0,0.0
1654,46.0,0.0
1655,46.0,0.0
1656,45.0,0.0
1657,44.0,0.0
1658,43.0,0.0
1659,41.0,0.0
1660,40.0,0.0
1661,40.0,0.0
1662,39.0,0.0
1663,38.0,0.0
1664,38.0,0.0
1665,38.0,0.0
1666,38.0,0.0
1667,39.0,0.0
1668,39.0,0.0
1669,39.0,0.0
1670,39.0,0.0
1671,40.0,0.0
1672,40.0,0.0
1673,40.0,0.0
1674,0.0,0.0
1675,0.0,0.0
1676,0.0,0.0
1677,0.0,0.0
1678,0.0,0.0
1679,0.0,0.0
1680,0.0,0.0
1681,0.0,0.0
1682,0.0,0.0
1683,0.0,0.0
1684,0.0,0.0
1685,0.0,0.0
1686,0.0,0.0
1687,0.0,0.0
1688,0.0,0.0
1689,0.0,0.0
1690,0.0,0.0
1691,0.0,0.0
1692,0.0,0.0
1693,0.0,0.0
1694,0.0,0.0
1695,0.0,0.0
1696,0.0,0.0
1697,0.0,0.0
1698,0.0,0.0
1699,0.0,0.0
1700,0.0,0.0
1701,0.0,0.0
1702,0.0,0.0
1703,0.0,0.0
1704,0.0,0.0
1705,199.0,9.0
1706,199.0,10.0
1707,201.0,11.0
1708,204.0,10.0
1709,206.0,10.0
1710,214.0,8.0
1711,212.0,9.0
1712,212.0,9.0
1713,212.0,9.0
1714,213.0,9.0
1715,213.0,9.0
1716,213.0,9.0
1717,213.0,9.0
1718,213.0,9.0
1719,214.0,9.0
1720,214.0,9.0
1721,214.0,9.0
1722,214.0,9.0
1723,214.0,9.0
1724,214.0,9.0
1725,214.0,9.0
1726,214.0,9.0
1727,214.0,9.0
1728,214.0,9.0
1729,214.0,9.0
1730,214.0,9.0
1731,214.0,9.0
1732,214.0,9.0
1733,214.0,9.0
1734,214.0,9.0
1735,214.0,9.0
1736,1013.0,29.0
1737,1059.0,28.0
1738,1098.0,28.0
1739,1132.0,28.0
1740,999.0,27.0
1741,957.0,27.0
1742,849.0,25.0
1743,864.0,26.0
1744,861.0,25.0
1745,857.0,25.0
1746,853.0,25.0
1747,849.0,25.0
1748,847.0,25.0
1749,845.0,25.0
1750,845.0,25.0
1751,844.0,25.0
1752,844.0,25.0
1753,844.0,25.0
1754,844.0,25.0
1755,844.0,25.0
1756,844.0,25.0
1757,844.0,25.0
1758,844.0,25.0
1759,844.0,25.0
1760,844.0,25.0
1761,844.0,25.0
1762,844.0,25.0
1763,844.0,25.0
1764,844.0,25.0
1765,844.0,25.0
1766,844.0,25.0
1767,214.0,16.0
1768,218.0,15.0
1769,215.0,15.0
1770,215.0,15.0
1771,216.0,14.0
1772,210.0,14.0
1773,208.0,14.0
1774,207.0,14.0
1775,206.0,14.0
1776,206.0,14.0
1777,205.0,14.0
1778,205.0,14.0
1779,204.0,14.0
1780,204.0,14.0
1781,204.0,14.0
1782,204.0,14.0
1783,204.0,14.0
1784,204.0,14.0
1785,204.0,14.0
1786,204.0,14.0
1787,204.0,14.0
1788,204.0,14.0
1789,204.0,14.0
1790,204.0,14.0
1791,204.0,14.0
1792,204.0,14.0
1793,204.0,14.0
1794,204.0,14.0
1795,204.0,14.0
1796,204.0,14.0
1797,204.0,14.0
1798,28.0,0.0
1799,30.0,0.0
1800,32.0,0.0
1801,28.0,0.0
1802,33.0,0.0
1803,33.0,0.0
1804,35.0,0.0
1805,35.0,0.0
1806,35.0,0.0
1807,35.0,0.0
1808,35.0,0.0
1809,35.0,0.0
1810,36.0,0.0
1811,36.0,0.0
1812,36.0,0.0
1813,36.0,0.0
1814,36.0,0.0
1815,36.0,0.0
1816,36.0,0.0
1817,36.0,0.0
1818,36.0,0.0
1819,36.0,0.0
1820,36.0,0.0
1821,36.0,0.0
1822,36.0,0.0
1823,36.0,0.0
1824,36.0,0.0
1825,36.0,0.0
1826,36.0,0.0
1827,36.0,0.0
1828,36.0,0.0
1829,13.0,0.0
1830,12.0,0.0
1831,12.0,0.0
1832,12.0,0.0
1833,12.0,0.0
1834,12.0,0.0
1835,11.0,0.0
1836,11.0,0.0
1837,11.0,0.0
1838,11.0,0.0
1839,11.0,0.0
1840,11.0,0.0
1841,11.0,0.0
1842,11.0,0.0
1843,11.0,0.0
1844,11.0,0.0
1845,11.0,0.0
1846,11.0,0.0
1847,11.0,0.0
1848,11.0,0.0
1849,11.0,0.0
1850,11.0,0.0
1851,11.0,0.0
1852,11.0,0.0
1853,11.0,0.0
1854,11.0,0.0
1855,11.0,0.0
1856,11.0,0.0
1857,11.0,0.0
1858,11.0,0.0
1859,11.0,0.0
1860,0.0,0.0
1861,0.0,0.0
1862,0.0,0.0
1863,0.0,0.0
1864,0.0,0.0
1865,0.0,0.0
1866,0.0,0.0
1867,0.0,0.0
1868,0.0,0.0
1869,0.0,0.0
1870,0.0,0.0
1871,0.0,0.0
1872,0.0,0.0
1873,0.0,0.0
1874,0.0,0.0
1875,0.0,0.0
1876,0.0,0.0
1877,0.0,0.0
1878,0.0,0.0
1879,0.0,0.0
1880,0.0,0.0
1881,0.0,0.0
1882,0.0,0.0
1883,0.0,0.0
1884,0.0,0.0
1885,0.0,0.0
1886,0.0,0.0
1887,0.0,0.0
1888,0.0,0.0
1889,0.0,0.0
1890,0.0,0.0
1891,22.0,1.0
1892,23.0,1.0
1893,25.0,1.0
1894,25.0,1.0
1895,27.0,1.0
1896,29.0,1.0
1897,30.0,1.0
1898,31.0,1.0
1899,31.0,1.0
1900,32.0,1.0
1901,32.0,1.0
1902,32.0,1.0
1903,33.0,1.0
1904,33.0,1.0
1905,33.0,1.0
1906,33.0,1.0
1907,33.0,1.0
1908,33.0,1.0
1909,33.0,1.0
1910,33.0,1.0
1911,33.0,1.0
1912,33.0,1.0
1913,33.0,1.0
1914,33.0,1.0
1915,33.0,1.0
1916,33.0,1.0
1917,33.0,1.0
1918,33.0,1.0
1919,33.0,1.0
1920,33.0,1.0
1921,33.0,1.0
1922,3.0,0.0
1923,3.0,0.0
1924,3.0,0.0
1925,3.0,0.0
1926,3.0,0.0
1927,3.0,0.0
1928,3.0,0.0
1929,3.0,0.0
1930,3.0,0.0
1931,3.0,0.0
1932,4.0,0.0
1933,4.0,0.0
1934,4.0,0.0
1935,4.0,0.0
1936,4.0,0.0
1937,4.0,0.0
1938,4.0,0.0
1939,4.0,0.0
1940,4.0,0.0
1941,4.0,0.0
1942,4.0,0.0
1943,4.0,0.0
1944,4.0,0.0
1945,4.0,0.0
1946,4.0,0.0
1947,4.0,0.0
1948,4.0,0.0
1949,4.0,0.0
1950,4.0,0.0
1951,4.0,0.0
1952,4.0,0.0
1953,0.0,0.0
1954,0.0,0.0
1955,0.0,0.0
1956,0.0,0.0
1957,0.0,0.0
1958,0.0,0.0
1959,0.0,0.0
1960,0.0,0.0
1961,0.0,0.0
1962,0.0,0.0
1963,0.0,0.0
1964,0.0,0.0
1965,0.0,0.0
1966,0.0,0.0
1967,0.0,0.0
1968,0.0,0.0
1969,0.0,0.0
1970,0.0,0.0
1971,0.0,0.0
1972,0.0,0.0
1973,0.0,0.0
1974,0.0,0.0
1975,0.0,0.0
1976,0.0,0.0
1977,0.0,0.0
1978,0.0,0.0
1979,0.0,0.0
1980,0.0,0.0
1981,0.0,0.0
1982,0.0,0.0
1983,0.0,0.0
1984,0.0,0.0
1985,0.0,0.0
1986,0.0,0.0
1987,0.0,0.0
1988,0.0,0.0
1989,0.0,0.0
1990,0.0,0.0
1991,0.0,0.0
1992,0.0,0.0
1993,0.0,0.0
1994,0.0,0.0
1995,0.0,0.0
1996,0.0,0.0
1997,0.0,0.0
1998,0.0,0.0
1999,0.0,0.0
2000,0.0,0.0
2001,0.0,0.0
2002,0.0,0.0
2003,0.0,0.0
2004,0.0,0.0
2005,0.0,0.0
2006,0.0,0.0
2007,0.0,0.0
2008,0.0,0.0
2009,0.0,0.0
2010,0.0,0.0
2011,0.0,0.0
2012,0.0,0.0
2013,0.0,0.0
2014,0.0,0.0
2015,0.0,0.0
2016,0.0,0.0
2017,0.0,0.0
2018,0.0,0.0
2019,0.0,0.0
2020,0.0,0.0
2021,0.0,0.0
2022,0.0,0.0
2023,0.0,0.0
2024,0.0,0.0
2025,0.0,0.0
2026,0.0,0.0
2027,0.0,0.0
2028,0.0,0.0
2029,0.0,0.0
2030,0.0,0.0
2031,0.0,0.0
2032,0.0,0.0
2033,0.0,0.0
2034,0.0,0.0
2035,0.0,0.0
2036,0.0,0.0
2037,0.0,0.0
2038,0.0,0.0
2039,0.0,0.0
2040,0.0,0.0
2041,0.0,0.0
2042,0.0,0.0
2043,0.0,0.0
2044,0.0,0.0
2045,0.0,0.0
2046,117.0,7.0
2047,119.0,7.0
2048,120.0,7.0
2049,122.0,7.0
2050,122.0,7.0
2051,122.0,8.0
2052,123.0,8.0
2053,123.0,8.0
2054,123.0,8.0
2055,123.0,8.0
2056,123.0,8.0
2057,123.0,8.0
2058,123.0,8.0
2059,123.0,8.0
2060,123.0,8.0
2061,123.0,8.0
2062,123.0,8.0
2063,123.0,8.0
2064,123.0,8.0
2065,123.0,8.0
2066,123.0,8.0
2067,123.0,8.0
2068,123.0,8.0
2069,123.0,8.0
2070,123.0,8.0
2071,123.0,8.0
2072,123.0,8.0
2073,123.0,8.0
2074,123.0,8.0
2075,123.0,8.0
2076,123.0,8.0
2077,1784.0,255.0
2078,1841.0,249.0
2079,1901.0,242.0
2080,1983.0,245.0
2081,2137.0,279.0
2082,2258.0,302.0
2083,2393.0,336.0
2084,2495.0,359.0
2085,2577.0,381.0
2086,2659.0,406.0
2087,2739.0,433.0
2088,2813.0,462.0
2089,2877.0,489.0
2090,2933.0,514.0
2091,2979.0,537.0
2092,3018.0,558.0
2093,3052.0,578.0
2094,3080.0,595.0
2095,3103.0,611.0
2096,3121.0,625.0
2097,3134.0,636.0
2098,3144.0,646.0
2099,3152.0,654.0
2100,3157.0,660.0
2101,3160.0,665.0
2102,3162.0,670.0
2103,3163.0,673.0
2104,3163.0,675.0
2105,3162.0,676.0
2106,3161.0,677.0
2107,3160.0,678.0
2108,0.0,0.0
2109,0.0,0.0
2110,0.0,0.0
2111,0.0,0.0
2112,0.0,0.0
2113,0.0,0.0
2114,0.0,0.0
2115,0.0,0.0
2116,0.0,0.0
2117,0.0,0.0
2118,0.0,0.0
2119,0.0,0.0
2120,0.0,0.0
2121,0.0,0.0
2122,0.0,0.0
2123,0.0,0.0
2124,0.0,0.0
2125,0.0,0.0
2126,0.0,0.0
2127,0.0,0.0
2128,0.0,0.0
2129,0.0,0.0
2130,0.0,0.0
2131,0.0,0.0
2132,0.0,0.0
2133,0.0,0.0
2134,0.0,0.0
2135,0.0,0.0
2136,0.0,0.0
2137,0.0,0.0
2138,0.0,0.0
2139,19.0,0.0
2140,19.0,0.0
2141,20.0,0.0
2142,24.0,0.0
2143,28.0,0.0
2144,28.0,0.0
2145,28.0,0.0
2146,26.0,0.0
2147,27.0,0.0
2148,28.0,0.0
2149,28.0,0.0
2150,29.0,0.0
2151,29.0,0.0
2152,29.0,0.0
2153,29.0,0.0
2154,29.0,0.0
2155,29.0,0.0
2156,29.0,0.0
2157,29.0,0.0
2158,29.0,0.0
2159,29.0,0.0
2160,29.0,0.0
2161,29.0,0.0
2162,29.0,0.0
2163,29.0,0.0
2164,29.0,0.0
2165,29.0,0.0
2166,29.0,0.0
2167,29.0,0.0
2168,29.0,0.0
2169,29.0,0.0
2170,0.0,0.0
2171,0.0,0.0
2172,0.0,0.0
2173,0.0,0.0
2174,0.0,0.0
2175,0.0,0.0
2176,0.0,0.0
2177,0.0,0.0
2178,0.0,0.0
2179,0.0,0.0
2180,0.0,0.0
2181,0.0,0.0
2182,0.0,0.0
2183,0.0,0.0
2184,0.0,0.0
2185,0.0,0.0
2186,0.0,0.0
2187,0.0,0.0
2188,0.0,0.0
2189,0.0,0.0
2190,0.0,0.0
2191,0.0,0.0
2192,0.0,0.0
2193,0.0,0.0
2194,0.0,0.0
2195,0.0,0.0
2196,0.0,0.0
2197,0.0,0.0
2198,0.0,0.0
2199,0.0,0.0
2200,0.0,0.0
2201,15.0,0.0
2202,15.0,0.0
2203,15.0,0.0
2204,15.0,0.0
2205,15.0,0.0
2206,15.0,0.0
2207,15.0,0.0
2208,15.0,0.0
2209,15.0,0.0
2210,15.0,0.0
2211,15.0,0.0
2212,15.0,0.0
2213,15.0,0.0
2214,15.0,0.0
2215,15.0,0.0
2216,15.0,0.0
2217,15.0,0.0
2218,15.0,0.0
2219,15.0,0.0
2220,15.0,0.0
2221,15.0,0.0
2222,15.0,0.0
2223,15.0,0.0
2224,15.0,0.0
2225,15.0,0.0
2226,15.0,0.0
2227,15.0,0.0
2228,15.0,0.0
2229,15.0,0.0
2230,15.0,0.0
2231,15.0,0.0
2232,1501.0,118.0
2233,1457.0,91.0
2234,1416.0,78.0
2235,1384.0,73.0
2236,1411.0,81.0
2237,1501.0,78.0
2238,1693.0,62.0
2239,1928.0,46.0
2240,2121.0,38.0
2241,2317.0,33.0
2242,2544.0,31.0
2243,2825.0,29.0
2244,3174.0,25.0
2245,3528.0,22.0
2246,3832.0,21.0
2247,4087.0,22.0
2248,4321.0,25.0
2249,4542.0,31.0
2250,4749.0,38.0
2251,4939.0,46.0
2252,5100.0,56.0
2253,5229.0,67.0
2254,5329.0,78.0
2255,5402.0,91.0
2256,5443.0,103.0
2257,5451.0,116.0
2258,5421.0,128.0
2259,5355.0,140.0
2260,5254.0,152.0
2261,5122.0,163.0
2262,4962.0,173.0
2263,58.0,1.0
2264,61.0,1.0
2265,57.0,1.0
2266,58.0,1.0
2267,45.0,0.0
2268,48.0,1.0
2269,45.0,0.0
2270,48.0,1.0
2271,47.0,1.0
2272,46.0,0.0
2273,46.0,0.0
2274,45.0,0.0
2275,45.0,0.0
2276,45.0,0.0
2277,45.0,0.0
2278,45.0,0.0
2279,45.0,0.0
2280,45.0,0.0
2281,45.0,0.0
2282,45.0,0.0
2283,45.0,0.0
2284,45.0,0.0
2285,45.0,0.0
2286,45.0,0.0
2287,45.0,0.0
2288,45.0,0.0
2289,45.0,0.0
2290,45.0,0.0
2291,45.0,0.0
2292,44.0,0.0
2293,44.0,0.0
2294,1.0,0.0
2295,1.0,0.0
2296,2.0,0.0
2297,1.0,0.0
2298,1.0,0.0
2299,1.0,0.0
2300,1.0,0.0
2301,2.0,0.0
2302,2.0,0.0
2303,2.0,0.0
2304,2.0,0.0
2305,2.0,0.0
2306,2.0,0.0
2307,2.0,0.0
2308,2.0,0.0
2309,2.0,0.0
2310,2.0,0.0
2311,2.0,0.0
2312,2.0,0.0
2313,2.0,0.0
2314,2.0,0.0
2315,2.0,0.0
2316,2.0,0.0
2317,2.0,0.0
2318,2.0,0.0
2319,2.0,0.0
2320,2.0,0.0
2321,2.0,0.0
2322,2.0,0.0
2323,2.0,0.0
2324,2.0,0.0
2325,32.0,1.0
2326,32.0,1.0
2327,34.0,2.0
2328,35.0,2.0
2329,37.0,2.0
2330,39.0,2.0
2331,41.0,2.0
2332,42.0,2.0
2333,43.0,2.0
2334,44.0,2.0
2335,45.0,2.0
2336,46.0,2.0
2337,47.0,2.0
2338,48.0,2.0
2339,48.0,3.0
2340,49.0,3.0
2341,49.0,3.0
2342,50.0,3.0
2343,50.0,3.0
2344,51.0,3.0
2345,51.0,3.0
2346,51.0,3.0
2347,51.0,3.0
2348,52.0,3.0
2349,52.0,3.0
2350,52.0,3.0
2351,52.0,3.0
2352,52.0,3.0
2353,53.0,3.0
2354,53.0,3.0
2355,53.0,3.0
2356,0.0,0.0
2357,0.0,0.0
2358,0.0,0.0
2359,0.0,0.0
2360,0.0,0.0
2361,0.0,0.0
2362,0.0,0.0
2363,0.0,0.0
2364,0.0,0.0
2365,0.0,0.0
2366,0.0,0.0
2367,0.0,0.0
2368,0.0,0.0
2369,0.0,0.0
2370,0.0,0.0
2371,0.0,0.0
2372,0.0,0.0
2373,0.0,0.0
2374,0.0,0.0
2375,0.0,0.0
2376,0.0,0.0
2377,0.0,0.0
2378,0.0,0.0
2379,0.0,0.0
2380,0.0,0.0
2381,0.0,0.0
2382,0.0,0.0
2383,0.0,0.0
2384,0.0,0.0
2385,0.0,0.0
2386,0.0,0.0
2387,0.0,0.0
2388,0.0,0.0
2389,0.0,0.0
2390,0.0,0.0
2391,0.0,0.0
2392,0.0,0.0
2393,0.0,0.0
2394,0.0,0.0
2395,0.0,0.0
2396,0.0,0.0
2397,0.0,0.0
2398,0.0,0.0
2399,0.0,0.0
2400,0.0,0.0
2401,0.0,0.0
2402,0.0,0.0
2403,0.0,0.0
2404,0.0,0.0
2405,0.0,0.0
2406,0.0,0.0
2407,0.0,0.0
2408,0.0,0.0
2409,0.0,0.0
2410,0.0,0.0
2411,0.0,0.0
2412,0.0,0.0
2413,0.0,0.0
2414,0.0,0.0
2415,0.0,0.0
2416,0.0,0.0
2417,0.0,0.0
2418,1.0,0.0
2419,0.0,0.0
2420,0.0,0.0
2421,0.0,0.0
2422,0.0,0.0
2423,0.0,0.0
2424,0.0,0.0
2425,0.0,0.0
2426,0.0,0.0
2427,0.0,0.0
2428,0.0,0.0
2429,0.0,0.0
2430,0.0,0.0
2431,0.0,0.0
2432,0.0,0.0
2433,0.0,0.0
2434,0.0,0.0
2435,0.0,0.0
2436,0.0,0.0
2437,0.0,0.0
2438,0.0,0.0
2439,0.0,0.0
2440,0.0,0.0
2441,0.0,0.0
2442,0.0,0.0
2443,0.0,0.0
2444,0.0,0.0
2445,0.0,0.0
2446,0.0,0.0
2447,0.0,0.0
2448,0.0,0.0
2449,33.0,1.0
2450,33.0,1.0
2451,33.0,1.0
2452,32.0,1.0
2453,32.0,1.0
2454,33.0,1.0
2455,33.0,1.0
2456,33.0,1.0
2457,33.0,1.0
2458,33.0,1.0
2459,33.0,1.0
2460,33.0,1.0
2461,33.0,1.0
2462,33.0,1.0
2463,33.0,1.0
2464,33.0,1.0
2465,33.0,1.0
2466,33.0,1.0
2467,33.0,1.0
2468,33.0,1.0
2469,33.0,1.0
2470,33.0,1.0
2471,33.0,1.0
2472,33.0,1.0
2473,33.0,1.0
2474,33.0,1.0
2475,33.0,1.0
2476,33.0,1.0
2477,33.0,1.0
2478,33.0,1.0
2479,33.0,1.0
2480,1.0,0.0
2481,2.0,0.0
2482,3.0,0.0
2483,4.0,0.0
2484,5.0,0.0
2485,4.0,0.0
2486,4.0,0.0
2487,4.0,0.0
2488,4.0,0.0
2489,4.0,0.0
2490,4.0,0.0
2491,4.0,0.0
2492,4.0,0.0
2493,4.0,0.0
2494,4.0,0.0
2495,4.0,0.0
2496,4.0,0.0
2497,4.0,0.0
2498,4.0,0.0
2499,4.0,0.0
2500,4.0,0.0
2501,4.0,0.0
2502,4.0,0.0
2503,4.0,0.0
2504,4.0,0.0
2505,4.0,0.0
2506,4.0,0.0
2507,4.0,0.0
2508,4.0,0.0
2509,4.0,0.0
2510,4.0,0.0
2511,90.0,0.0
2512,88.0,0.0
2513,87.0,0.0
2514,90.0,0.0
2515,89.0,0.0
2516,92.0,0.0
2517,94.0,0.0
2518,92.0,0.0
2519,92.0,0.0
2520,92.0,0.0
2521,92.0,0.0
2522,92.0,0.0
2523,92.0,0.0
2524,92.0,0.0
2525,92.0,0.0
2526,92.0,0.0
2527,92.0,0.0
2528,92.0,0.0
2529,92.0,0.0
2530,92.0,0.0
2531,92.0,0.0
2532,92.0,0.0
2533,92.0,0.0
2534,92.0,0.0
2535,92.0,0.0
2536,92.0,0.0
2537,92.0,0.0
2538,92.0,0.0
2539,92.0,0.0
2540,92.0,0.0
2541,92.0,0.0
2542,3.0,0.0
2543,2.0,0.0
2544,2.0,0.0
2545,2.0,0.0
2546,2.0,0.0
2547,2.0,0.0
2548,2.0,0.0
2549,2.0,0.0
2550,2.0,0.0
2551,2.0,0.0
2552,2.0,0.0
2553,2.0,0.0
2554,2.0,0.0
2555,2.0,0.0
2556,2.0,0.0
2557,2.0,0.0
2558,2.0,0.0
2559,2.0,0.0
2560,2.0,0.0
2561,2.0,0.0
2562,2.0,0.0
2563,2.0,0.0
2564,2.0,0.0
2565,2.0,0.0
2566,2.0,0.0
2567,2.0,0.0
2568,2.0,0.0
2569,2.0,0.0
2570,2.0,0.0
2571,2.0,0.0
2572,2.0,0.0
2573,2.0,0.0
2574,2.0,0.0
2575,2.0,0.0
2576,2.0,0.0
2577,2.0,0.0
2578,2.0,0.0
2579,2.0,0.0
2580,2.0,0.0
2581,2.0,0.0
2582,2.0,0.0
2583,2.0,0.0
2584,2.0,0.0
2585,2.0,0.0
2586,2.0,0.0
2587,2.0,0.0
2588,2.0,0.0
2589,2.0,0.0
2590,2.0,0.0
2591,2.0,0.0
2592,2.0,0.0
2593,2.0,0.0
2594,2.0,0.0
2595,2.0,0.0
2596,2.0,0.0
2597,2.0,0.0
2598,2.0,0.0
2599,2.0,0.0
2600,2.0,0.0
2601,2.0,0.0
2602,2.0,0.0
2603,2.0,0.0
2604,2.0,0.0
2605,2.0,0.0
2606,2.0,0.0
2607,2.0,0.0
2608,2.0,0.0
2609,2.0,0.0
2610,2.0,0.0
2611,2.0,0.0
2612,2.0,0.0
2613,2.0,0.0
2614,2.0,0.0
2615,2.0,0.0
2616,2.0,0.0
2617,2.0,0.0
2618,2.0,0.0
2619,2.0,0.0
2620,2.0,0.0
2621,2.0,0.0
2622,2.0,0.0
2623,2.0,0.0
2624,2.0,0.0
2625,2.0,0.0
2626,2.0,0.0
2627,2.0,0.0
2628,2.0,0.0
2629,2.0,0.0
2630,2.0,0.0
2631,2.0,0.0
2632,2.0,0.0
2633,2.0,0.0
2634,2.0,0.0
2635,29.0,3.0
2636,29.0,4.0
2637,26.0,3.0
2638,27.0,3.0
2639,27.0,3.0
2640,25.0,3.0
2641,24.0,3.0
2642,24.0,3.0
2643,24.0,3.0
2644,24.0,3.0
2645,23.0,3.0
2646,23.0,3.0
2647,23.0,3.0
2648,23.0,3.0
2649,23.0,3.0
2650,23.0,3.0
2651,23.0,3.0
2652,23.0,3.0
2653,23.0,3.0
2654,23.0,3.0
2655,23.0,3.0
2656,23.0,3.0
2657,23.0,3.0
2658,23.0,3.0
2659,23.0,3.0
2660,23.0,3.0
2661,23.0,3.0
2662,23.0,3.0
2663,23.0,3.0
2664,23.0,3.0
2665,23.0,3.0
2666,0.0,0.0
2667,0.0,0.0
2668,0.0,0.0
2669,0.0,0.0
2670,0.0,0.0
2671,0.0,0.0
2672,0.0,0.0
2673,0.0,0.0
2674,0.0,0.0
2675,0.0,0.0
2676,0.0,0.0
2677,0.0,0.0
2678,0.0,0.0
2679,0.0,0.0
2680,0.0,0.0
2681,0.0,0.0
2682,0.0,0.0
2683,0.0,0.0
2684,0.0,0.0
2685,0.0,0.0
2686,0.0,0.0
2687,0.0,0.0
2688,0.0,0.0
2689,0.0,0.0
2690,0.0,0.0
2691,0.0,0.0
2692,78.0,12.0
2693,84.0,11.0
2694,85.0,11.0
2695,84.0,12.0
2696,83.0,12.0
2697,82.0,12.0
2698,81.0,12.0
2699,80.0,12.0
2700,80.0,12.0
2701,80.0,12.0
2702,80.0,12.0
2703,80.0,12.0
2704,80.0,12.0
2705,80.0,12.0
2706,80.0,12.0
2707,80.0,12.0
2708,80.0,12.0
2709,80.0,12.0
2710,80.0,12.0
2711,80.0,12.0
2712,80.0,12.0
2713,80.0,12.0
2714,80.0,12.0
2715,80.0,12.0
2716,80.0,12.0
2717,80.0,12.0
2718,80.0,12.0
2719,80.0,12.0
2720,80.0,12.0
2721,80.0,12.0
2722,80.0,12.0
2723,12.0,0.0
2724,13.0,0.0
2725,15.0,0.0
2726,18.0,0.0
2727,20.0,0.0
2728,22.0,0.0
2729,24.0,0.0
2730,26.0,0.0
2731,27.0,0.0
2732,29.0,0.0
2733,30.0,0.0
2734,31.0,0.0
2735,33.0,0.0
2736,34.0,0.0
2737,34.0,0.0
2738,35.0,0.0
2739,36.0,0.0
2740,37.0,0.0
2741,37.0,0.0
2742,38.0,0.0
2743,38.0,0.0
2744,38.0,0.0
2745,39.0,0.0
2746,39.0,0.0
2747,39.0,0.0
2748,39.0,0.0
2749,40.0,0.0
2750,40.0,0.0
2751,40.0,0.0
2752,40.0,0.0
2753,40.0,0.0
2754,1865.0,71.0
2755,1923.0,75.0
2756,2000.0,80.0
2757,2039.0,82.0
2758,2153.0,90.0
2759,2240.0,95.0
2760,2288.0,97.0
2761,2364.0,100.0
2762,2424.0,103.0
2763,2476.0,105.0
2764,2520.0,107.0
2765,2558.0,109.0
2766,2587.0,109.0
2767,2609.0,110.0
2768,2627.0,111.0
2769,2642.0,111.0
2770,2653.0,112.0
2771,2661.0,112.0
2772,2668.0,112.0
2773,2673.0,112.0
2774,2676.0,112.0
2775,2679.0,112.0
2776,2681.0,112.0
2777,2683.0,112.0
2778,2684.0,112.0
2779,2685.0,112.0
2780,2686.0,112.0
2781,2686.0,112.0
2782,2687.0,112.0
2783,2687.0,113.0
2784,2687.0,113.0
2785,336.0,24.0
2786,335.0,24.0
2787,331.0,25.0
2788,328.0,26.0
2789,331.0,26.0
2790,335.0,25.0
2791,332.0,25.0
2792,335.0,25.0
2793,335.0,25.0
2794,335.0,25.0
2795,335.0,25.0
2796,335.0,25.0
2797,336.0,25.0
2798,336.0,25.0
2799,336.0,25.0
2800,336.0,25.0
2801,336.0,25.0
2802,336.0,25.0
2803,336.0,25.0
2804,336.0,25.0
2805,336.0,25.0
2806,336.0,25.0
2807,336.0,25.0
2808,336.0,25.0
2809,336.0,25.0
2810,336.0,25.0
2811,336.0,25.0
2812,336.0,25.0
2813,336.0,25.0
2814,336.0,25.0
2815,336.0,25.0
2816,1259.0,100.0
2817,1287.0,103.0
2818,1333.0,106.0
2819,1395.0,109.0
2820,1463.0,112.0
2821,1522.0,115.0
2822,1584.0,117.0
2823,1639.0,118.0
2824,1683.0,119.0
2825,1724.0,120.0
2826,1760.0,121.0
2827,1791.0,121.0
2828,1816.0,122.0
2829,1838.0,122.0
2830,1856.0,122.0
2831,1871.0,122.0
2832,1883.0,122.0
2833,1893.0,123.0
2834,1901.0,123.0
2835,1907.0,123.0
2836,1912.0,123.0
2837,1916.0,123.0
2838,1919.0,123.0
2839,1922.0,123.0
2840,1924.0,123.0
2841,1925.0,123.0
2842,1927.0,123.0
2843,1928.0,123.0
2844,1928.0,123.0
2845,1929.0,123.0
2846,1929.0,123.0
2847,28.0,1.0
2848,38.0,2.0
2849,42.0,2.0
2850,43.0,2.0
2851,43.0,2.0
2852,42.0,2.0
2853,42.0,2.0
2854,41.0,2.0
2855,41.0,2.0
2856,41.0,2.0
2857,41.0,2.0
2858,41.0,2.0
2859,41.0,2.0
2860,41.0,2.0
2861,41.0,2.0
2862,41.0,2.0
2863,41.0,2.0
2864,41.0,2.0
2865,41.0,2.0
2866,41.0,2.0
2867,41.0,2.0
2868,41.0,2.0
2869,41.0,2.0
2870,41.0,2.0
2871,41.0,2.0
2872,41.0,2.0
2873,41.0,2.0
2874,41.0,2.0
2875,41.0,2.0
2876,41.0,2.0
2877,41.0,2.0
2878,503.0,39.0
2879,526.0,37.0
2880,556.0,37.0
2881,598.0,41.0
2882,620.0,40.0
2883,648.0,44.0
2884,672.0,49.0
2885,684.0,51.0
2886,691.0,52.0
2887,693.0,53.0
2888,691.0,53.0
2889,688.0,53.0
2890,684.0,53.0
2891,681.0,53.0
2892,679.0,52.0
2893,677.0,52.0
2894,677.0,52.0
2895,677.0,52.0
2896,677.0,52.0
2897,677.0,52.0
2898,677.0,52.0
2899,678.0,52.0
2900,678.0,52.0
2901,678.0,52.0
2902,678.0,52.0
2903,678.0,52.0
2904,678.0,52.0
2905,678.0,52.0
2906,678.0,52.0
2907,678.0,52.0
2908,678.0,52.0
2909,3.0,1.0
2910,4.0,1.0
2911,5.0,1.0
2912,4.0,1.0
2913,4.0,1.0
2914,4.0,1.0
2915,6.0,1.0
2916,6.0,1.0
2917,6.0,1.0
2918,6.0,1.0
2919,6.0,1.0
2920,6.0,1.0
2921,6.0,1.0
2922,6.0,1.0
2923,6.0,1.0
2924,6.0,1.0
2925,6.0,1.0
2926,6.0,1.0
2927,6.0,1.0
2928,6.0,1.0
2929,6.0,1.0
2930,6.0,1.0
2931,6.0,1.0
2932,6.0,1.0
2933,6.0,1.0
2934,6.0,1.0
2935,6.0,1.0
2936,6.0,1.0
2937,6.0,1.0
2938,6.0,1.0
2939,6.0,1.0
2940,287.0,3.0
2941,263.0,3.0
2942,254.0,3.0
2943,260.0,2.0
2944,260.0,3.0
2945,283.0,3.0
2946,330.0,3.0
2947,387.0,4.0
2948,400.0,4.0
2949,420.0,4.0
2950,445.0,4.0
2951,467.0,5.0
2952,487.0,5.0
2953,498.0,6.0
2954,498.0,6.0
2955,486.0,7.0
2956,465.0,8.0
2957,437.0,8.0
2958,406.0,9.0
2959,378.0,10.0
2960,355.0,10.0
2961,338.0,10.0
2962,324.0,10.0
2963,310.0,9.0
2964,298.0,8.0
2965,287.0,7.0
2966,278.0,6.0
2967,272.0,6.0
2968,270.0,5.0
2969,271.0,5.0
2970,276.0,4.0
2971,2267.0,305.0
2972,2359.0,309.0
2973,2331.0,305.0
2974,2459.0,315.0
2975,2360.0,309.0
2976,2502.0,323.0
2977,2736.0,343.0
2978,2958.0,364.0
2979,3130.0,384.0
2980,3292.0,406.0
2981,3458.0,429.0
2982,3611.0,453.0
2983,3790.0,481.0
2984,3964.0,508.0
2985,4108.0,535.0
2986,4216.0,559.0
2987,4295.0,582.0
2988,4348.0,603.0
2989,4379.0,621.0
2990,4390.0,636.0
2991,4378.0,648.0
2992,4343.0,655.0
2993,4287.0,657.0
2994,4213.0,655.0
2995,4126.0,649.0
2996,4029.0,639.0
2997,3924.0,625.0
2998,3814.0,609.0
2999,3702.0,590.0
3000,3592.0,570.0
3001,3486.0,550.0
3002,23.0,0.0
3003,24.0,0.0
3004,22.0,0.0
3005,22.0,0.0
3006,21.0,0.0
3007,22.0,0.0
3008,23.0,0.0
3009,23.0,0.0
3010,23.0,0.0
3011,23.0,0.0
3012,23.0,0.0
3013,23.0,0.0
3014,23.0,0.0
3015,23.0,0.0
3016,24.0,0.0
3017,24.0,0.0
3018,24.0,0.0
3019,24.0,0.0
3020,24.0,0.0
3021,24.0,0.0
3022,24.0,0.0
3023,24.0,0.0
3024,24.0,0.0
3025,24.0,0.0
3026,24.0,0.0
3027,24.0,0.0
3028,24.0,0.0
3029,24.0,0.0
3030,24.0,0.0
3031,24.0,0.0
3032,24.0,0.0
3033,380.0,13.0
3034,379.0,12.0
3035,356.0,10.0
3036,360.0,11.0
3037,369.0,11.0
3038,393.0,12.0
3039,406.0,13.0
3040,429.0,14.0
3041,433.0,14.0
3042,438.0,14.0
3043,443.0,15.0
3044,448.0,15.0
3045,453.0,16.0
3046,456.0,16.0
3047,459.0,16.0
3048,461.0,16.0
3049,462.0,16.0
3050,463.0,16.0
3051,464.0,16.0
3052,465.0,16.0
3053,466.0,16.0
3054,466.0,16.0
3055,467.0,17.0
3056,467.0,17.0
3057,467.0,17.0
3058,467.0,17.0
3059,467.0,17.0
3060,468.0,17.0
3061,468.0,17.0
3062,468.0,17.0
3063,468.0,17.0
3064,8.0,1.0
3065,8.0,1.0
3066,8.0,1.0
3067,8.0,1.0
3068,8.0,1.0
3069,8.0,1.0
3070,8.0,1.0
3071,8.0,1.0
3072,8.0,1.0
3073,8.0,1.0
3074,8.0,1.0
3075,8.0,1.0
3076,8.0,1.0
3077,8.0,1.0
3078,8.0,1.0
3079,8.0,1.0
3080,8.0,1.0
3081,8.0,1.0
3082,8.0,1.0
3083,8.0,1.0
3084,8.0,1.0
3085,8.0,1.0
3086,8.0,1.0
3087,8.0,1.0
3088,8.0,1.0
3089,8.0,1.0
3090,8.0,1.0
3091,8.0,1.0
3092,8.0,1.0
3093,8.0,1.0
3094,8.0,1.0
3095,1.0,0.0
3096,0.0,0.0
3097,0.0,0.0
3098,0.0,0.0
3099,0.0,0.0
3100,0.0,0.0
3101,0.0,0.0
3102,0.0,0.0
3103,0.0,0.0
3104,0.0,0.0
3105,0.0,0.0
3106,0.0,0.0
3107,0.0,0.0
3108,0.0,0.0
3109,0.0,0.0
3110,0.0,0.0
3111,0.0,0.0
3112,0.0,0.0
3113,0.0,0.0
3114,0.0,0.0
3115,0.0,0.0
3116,0.0,0.0
3117,0.0,0.0
3118,0.0,0.0
3119,0.0,0.0
3120,0.0,0.0
3121,0.0,0.0
3122,0.0,0.0
3123,0.0,0.0
3124,0.0,0.0
3125,0.0,0.0
3126,158.0,0.0
3127,150.0,0.0
3128,136.0,1.0
3129,132.0,1.0
3130,149.0,0.0
3131,151.0,0.0
3132,144.0,1.0
3133,147.0,0.0
3134,147.0,0.0
3135,146.0,0.0
3136,147.0,0.0
3137,148.0,0.0
3138,147.0,0.0
3139,147.0,0.0
3140,147.0,0.0
3141,148.0,0.0
3142,148.0,0.0
3143,148.0,0.0
3144,148.0,0.0
3145,148.0,0.0
3146,148.0,0.0
3147,148.0,0.0
3148,148.0,0.0
3149,148.0,0.0
3150,148.0,0.0
3151,148.0,0.0
3152,148.0,0.0
3153,148.0,0.0
3154,148.0,0.0
3155,148.0,0.0
3156,148.0,0.0
3157,9.0,0.0
3158,9.0,0.0
3159,10.0,0.0
3160,10.0,0.0
3161,11.0,0.0
3162,11.0,0.0
3163,11.0,0.0
3164,11.0,0.0
3165,11.0,0.0
3166,11.0,0.0
3167,11.0,0.0
3168,11.0,0.0
3169,11.0,0.0
3170,11.0,0.0
3171,11.0,0.0
3172,11.0,0.0
3173,11.0,0.0
3174,11.0,0.0
3175,11.0,0.0
3176,11.0,0.0
3177,11.0,0.0
3178,11.0,0.0
3179,11.0,0.0
3180,11.0,0.0
3181,11.0,0.0
3182,11.0,0.0
3183,11.0,0.0
3184,11.0,0.0
3185,11.0,0.0
3186,11.0,0.0
3187,11.0,0.0
3188,26.0,1.0
3189,25.0,1.0
3190,25.0,1.0
3191,25.0,1.0
3192,25.0,1.0
3193,25.0,1.0
3194,27.0,1.0
3195,28.0,1.0
3196,28.0,1.0
3197,28.0,1.0
3198,28.0,1.0
3199,28.0,1.0
3200,28.0,1.0
3201,28.0,1.0
3202,28.0,1.0
3203,29.0,1.0
3204,29.0,1.0
3205,29.0,1.0
3206,29.0,1.0
3207,29.0,1.0
3208,29.0,1.0
3209,29.0,1.0
3210,29.0,1.0
3211,29.0,1.0
3212,29.0,1.0
3213,29.0,1.0
3214,29.0,1.0
3215,29.0,1.0
3216,29.0,1.0
3217,29.0,1.0
3218,29.0,1.0
3219,238.0,1.0
3220,245.0,1.0
3221,247.0,1.0
3222,236.0,1.0
3223,240.0,1.0
3224,238.0,1.0
3225,244.0,1.0
3226,240.0,1.0
3227,239.0,1.0
3228,240.0,1.0
3229,240.0,1.0
3230,240.0,1.0
3231,240.0,1.0
3232,240.0,1.0
3233,240.0,1.0
3234,240.0,1.0
3235,240.0,1.0
3236,240.0,1.0
3237,240.0,1.0
3238,240.0,1.0
3239,240.0,1.0
3240,240.0,1.0
3241,240.0,1.0
3242,240.0,1.0
3243,240.0,1.0
3244,240.0,1.0
3245,240.0,1.0
3246,240.0,1.0
3247,240.0,1.0
3248,240.0,1.0
3249,240.0,1.0
3250,20.0,0.0
3251,20.0,0.0
3252,20.0,0.0
3253,21.0,0.0
3254,21.0,0.0
3255,21.0,0.0
3256,21.0,0.0
3257,21.0,0.0
3258,21.0,0.0
3259,21.0,0.0
3260,21.0,0.0
3261,21.0,0.0
3262,21.0,0.0
3263,21.0,0.0
3264,21.0,0.0
3265,21.0,0.0
3266,21.0,0.0
3267,21.0,0.0
3268,21.0,0.0
3269,21.0,0.0
3270,21.0,0.0
3271,21.0,0.0
3272,21.0,0.0
3273,21.0,0.0
3274,21.0,0.0
3275,21.0,0.0
3276,21.0,0.0
3277,21.0,0.0
3278,21.0,0.0
3279,21.0,0.0
3280,21.0,0.0
3281,0.0,0.0
3282,0.0,0.0
3283,0.0,0.0
3284,0.0,0.0
3285,0.0,0.0
3286,0.0,0.0
3287,0.0,0.0
3288,0.0,0.0
3289,0.0,0.0
3290,0.0,0.0
3291,0.0,0.0
3292,0.0,0.0
3293,0.0,0.0
3294,0.0,0.0
3295,0.0,0.0
3296,0.0,0.0
3297,0.0,0.0
3298,0.0,0.0
3299,0.0,0.0
3300,0.0,0.0
3301,0.0,0.0
3302,0.0,0.0
3303,0.0,0.0
3304,0.0,0.0
3305,0.0,0.0
3306,0.0,0.0
3307,0.0,0.0
3308,0.0,0.0
3309,0.0,0.0
3310,0.0,0.0
3311,0.0,0.0
3312,15.0,0.0
3313,14.0,0.0
3314,15.0,0.0
3315,14.0,0.0
3316,15.0,0.0
3317,16.0,0.0
3318,16.0,0.0
3319,17.0,0.0
3320,17.0,0.0
3321,17.0,0.0
3322,17.0,0.0
3323,18.0,0.0
3324,18.0,0.0
3325,18.0,0.0
3326,18.0,0.0
3327,18.0,0.0
3328,19.0,0.0
3329,19.0,0.0
3330,19.0,0.0
3331,19.0,0.0
3332,19.0,0.0
3333,19.0,0.0
3334,19.0,0.0
3335,19.0,0.0
3336,19.0,0.0
3337,19.0,0.0
3338,19.0,0.0
3339,19.0,0.0
3340,19.0,0.0
3341,19.0,0.0
3342,19.0,0.0
3343,9.0,0.0
3344,9.0,0.0
3345,9.0,0.0
3346,9.0,0.0
3347,10.0,0.0
3348,10.0,0.0
3349,10.0,0.0
3350,10.0,0.0
3351,10.0,0.0
3352,10.0,0.0
3353,10.0,0.0
3354,10.0,0.0
3355,10.0,0.0
3356,10.0,0.0
3357,11.0,0.0
3358,11.0,0.0
3359,11.0,0.0
3360,11.0,0.0
3361,11.0,0.0
3362,11.0,0.0
3363,11.0,0.0
3364,11.0,0.0
3365,11.0,0.0
3366,11.0,0.0
3367,11.0,0.0
3368,11.0,0.0
3369,11.0,0.0
3370,11.0,0.0
3371,11.0,0.0
3372,11.0,0.0
3373,11.0,0.0
3374,6.0,1.0
3375,6.0,1.0
3376,6.0,1.0
3377,5.0,1.0
3378,5.0,1.0
3379,5.0,1.0
3380,5.0,1.0
3381,5.0,1.0
3382,5.0,1.0
3383,5.0,1.0
3384,5.0,1.0
3385,5.0,1.0
3386,5.0,1.0
3387,5.0,1.0
3388,5.0,1.0
3389,5.0,1.0
3390,5.0,1.0
3391,5.0,1.0
3392,5.0,1.0
3393,5.0,1.0
3394,5.0,1.0
3395,5.0,1.0
3396,5.0,1.0
3397,5.0,1.0
3398,5.0,1.0
3399,5.0,1.0
3400,5.0,1.0
3401,5.0,1.0
3402,5.0,1.0
3403,5.0,1.0
3404,5.0,1.0
3405,2.0,0.0
3406,3.0,0.0
3407,3.0,0.0
3408,3.0,0.0
3409,2.0,0.0
3410,2.0,0.0
3411,2.0,0.0
3412,2.0,0.0
3413,2.0,0.0
3414,2.0,0.0
3415,2.0,0.0
3416,2.0,0.0
3417,2.0,0.0
3418,2.0,0.0
3419,2.0,0.0
3420,2.0,0.0
3421,2.0,0.0
3422,2.0,0.0
3423,2.0,0.0
3424,2.0,0.0
3425,2.0,0.0
3426,2.0,0.0
3427,2.0,0.0
3428,2.0,0.0
3429,2.0,0.0
3430,2.0,0.0
3431,2.0,0.0
3432,2.0,0.0
3433,2.0,0.0
3434,2.0,0.0
3435,2.0,0.0
3436,1.0,0.0
3437,1.0,0.0
3438,1.0,0.0
3439,1.0,0.0
3440,1.0,0.0
3441,1.0,0.0
3442,1.0,0.0
3443,1.0,0.0
3444,1.0,0.0
3445,1.0,0.0
3446,1.0,0.0
3447,1.0,0.0
3448,1.0,0.0
3449,1.0,0.0
3450,1.0,0.0
3451,1.0,0.0
3452,1.0,0.0
3453,1.0,0.0
3454,1.0,0.0
3455,1.0,0.0
3456,1.0,0.0
3457,1.0,0.0
3458,1.0,0.0
3459,1.0,0.0
3460,1.0,0.0
3461,1.0,0.0
3462,1.0,0.0
3463,1.0,0.0
3464,1.0,0.0
3465,1.0,0.0
3466,1.0,0.0
3467,27.0,1.0
3468,28.0,1.0
3469,30.0,1.0
3470,31.0,1.0
3471,32.0,1.0
3472,33.0,1.0
3473,34.0,1.0
3474,34.0,1.0
3475,34.0,1.0
3476,35.0,1.0
3477,35.0,1.0
3478,35.0,1.0
3479,35.0,1.0
3480,35.0,1.0
3481,35.0,1.0
3482,36.0,1.0
3483,36.0,1.0
3484,36.0,1.0
3485,36.0,1.0
3486,36.0,1.0
3487,36.0,1.0
3488,36.0,1.0
3489,36.0,1.0
3490,36.0,1.0
3491,36.0,1.0
3492,36.0,1.0
3493,36.0,1.0
3494,36.0,1.0
3495,36.0,1.0
3496,36.0,1.0
3497,36.0,1.0
3498,35.0,1.0
3499,41.0,1.0
3500,46.0,1.0
3501,49.0,1.0
3502,55.0,1.0
3503,58.0,2.0
3504,61.0,2.0
3505,62.0,2.0
3506,63.0,2.0
3507,63.0,2.0
3508,63.0,2.0
3509,62.0,2.0
3510,61.0,2.0
3511,60.0,2.0
3512,58.0,2.0
3513,57.0,2.0
3514,55.0,2.0
3515,54.0,2.0
3516,53.0,2.0
3517,52.0,2.0
3518,51.0,2.0
3519,51.0,2.0
3520,50.0,2.0
3521,50.0,2.0
3522,50.0,2.0
3523,50.0,2.0
3524,50.0,2.0
3525,50.0,2.0
3526,51.0,2.0
3527,51.0,2.0
3528,51.0,2.0
3529,43.0,2.0
3530,44.0,3.0
3531,46.0,3.0
3532,49.0,3.0
3533,52.0,3.0
3534,54.0,3.0
3535,54.0,2.0
3536,48.0,2.0
3537,44.0,2.0
3538,40.0,2.0
3539,37.0,2.0
3540,37.0,2.0
3541,38.0,2.0
3542,40.0,2.0
3543,43.0,2.0
3544,45.0,3.0
3545,48.0,3.0
3546,50.0,3.0
3547,51.0,3.0
3548,50.0,2.0
3549,48.0,2.0
3550,45.0,2.0
3551,43.0,2.0
3552,41.0,2.0
3553,40.0,2.0
3554,40.0,2.0
3555,42.0,2.0
3556,44.0,2.0
3557,45.0,2.0
3558,47.0,3.0
3559,49.0,3.0
3560,1.0,0.0
3561,1.0,0.0
3562,1.0,0.0
3563,1.0,0.0
3564,1.0,0.0
3565,1.0,0.0
3566,1.0,0.0
3567,1.0,0.0
3568,1.0,0.0
3569,1.0,0.0
3570,1.0,0.0
3571,1.0,0.0
3572,1.0,0.0
3573,1.0,0.0
3574,1.0,0.0
3575,1.0,0.0
3576,1.0,0.0
3577,1.0,0.0
3578,1.0,0.0
3579,1.0,0.0
3580,1.0,0.0
3581,1.0,0.0
3582,1.0,0.0
3583,1.0,0.0
3584,1.0,0.0
3585,1.0,0.0
3586,1.0,0.0
3587,1.0,0.0
3588,1.0,0.0
3589,1.0,0.0
3590,1.0,0.0
3591,1.0,0.0
3592,2.0,0.0
3593,2.0,0.0
3594,2.0,0.0
3595,2.0,0.0
3596,2.0,0.0
3597,1.0,0.0
3598,1.0,0.0
3599,1.0,0.0
3600,1.0,0.0
3601,1.0,0.0
3602,1.0,0.0
3603,1.0,0.0
3604,1.0,0.0
3605,1.0,0.0
3606,1.0,0.0
3607,1.0,0.0
3608,1.0,0.0
3609,1.0,0.0
3610,1.0,0.0
3611,1.0,0.0
3612,1.0,0.0
3613,1.0,0.0
3614,1.0,0.0
3615,1.0,0.0
3616,1.0,0.0
3617,1.0,0.0
3618,1.0,0.0
3619,1.0,0.0
3620,1.0,0.0
3621,1.0,0.0
3622,67.0,1.0
3623,72.0,1.0
3624,76.0,1.0
3625,79.0,1.0
3626,82.0,1.0
3627,84.0,1.0
3628,87.0,1.0
3629,89.0,1.0
3630,91.0,1.0
3631,93.0,1.0
3632,95.0,1.0
3633,96.0,2.0
3634,98.0,2.0
3635,99.0,2.0
3636,100.0,2.0
3637,101.0,2.0
3638,102.0,2.0
3639,103.0,2.0
3640,104.0,2.0
3641,105.0,2.0
3642,105.0,2.0
3643,106.0,2.0
3644,106.0,2.0
3645,107.0,2.0
3646,107.0,2.0
3647,107.0,2.0
3648,108.0,2.0
3649,108.0,2.0
3650,108.0,2.0
3651,108.0,2.0
3652,108.0,2.0
3653,19.0,0.0
3654,19.0,0.0
3655,19.0,0.0
3656,18.0,0.0
3657,16.0,0.0
3658,16.0,0.0
3659,15.0,0.0
3660,14.0,0.0
3661,14.0,0.0
3662,14.0,0.0
3663,13.0,0.0
3664,13.0,0.0
3665,13.0,0.0
3666,13.0,0.0
3667,13.0,0.0
3668,13.0,0.0
3669,12.0,0.0
3670,12.0,0.0
3671,12.0,0.0
3672,12.0,0.0
3673,12.0,0.0
3674,12.0,0.0
3675,12.0,0.0
3676,12.0,0.0
3677,12.0,0.0
3678,12.0,0.0
3679,12.0,0.0
3680,12.0,0.0
3681,12.0,0.0
3682,12.0,0.0
3683,12.0,0.0
3684,27.0,1.0
3685,29.0,1.0
3686,30.0,1.0
3687,29.0,1.0
3688,30.0,1.0
3689,31.0,1.0
3690,31.0,1.0
3691,30.0,1.0
3692,30.0,1.0
3693,30.0,1.0
3694,30.0,1.0
3695,30.0,1.0
3696,30.0,1.0
3697,30.0,1.0
3698,30.0,1.0
3699,30.0,1.0
3700,30.0,1.0
3701,30.0,1.0
3702,30.0,1.0
3703,30.0,1.0
3704,30.0,1.0
3705,30.0,1.0
3706,30.0,1.0
3707,30.0,1.0
3708,30.0,1.0
3709,30.0,1.0
3710,30.0,1.0
3711,30.0,1.0
3712,30.0,1.0
3713,30.0,1.0
3714,30.0,1.0
3715,8.0,0.0
3716,9.0,0.0
3717,10.0,0.0
3718,11.0,0.0
3719,11.0,0.0
3720,11.0,0.0
3721,11.0,0.0
3722,11.0,0.0
3723,11.0,0.0
3724,11.0,0.0
3725,11.0,0.0
3726,11.0,0.0
3727,11.0,0.0
3728,11.0,0.0
3729,11.0,0.0
3730,11.0,0.0
3731,11.0,0.0
3732,11.0,0.0
3733,11.0,0.0
3734,11.0,0.0
3735,11.0,0.0
3736,11.0,0.0
3737,11.0,0.0
3738,11.0,0.0
3739,11.0,0.0
3740,11.0,0.0
3741,11.0,0.0
3742,11.0,0.0
3743,11.0,0.0
3744,11.0,0.0
3745,11.0,0.0
3746,0.0,0.0
3747,0.0,0.0
3748,0.0,0.0
3749,0.0,0.0
3750,0.0,0.0
3751,0.0,0.0
3752,0.0,0.0
3753,0.0,0.0
3754,0.0,0.0
3755,0.0,0.0
3756,0.0,0.0
3757,0.0,0.0
3758,0.0,0.0
3759,0.0,0.0
3760,0.0,0.0
3761,0.0,0.0
3762,0.0,0.0
3763,0.0,0.0
3764,0.0,0.0
3765,0.0,0.0
3766,0.0,0.0
3767,0.0,0.0
3768,0.0,0.0
3769,0.0,0.0
3770,0.0,0.0
3771,0.0,0.0
3772,0.0,0.0
3773,0.0,0.0
3774,0.0,0.0
3775,0.0,0.0
3776,0.0,0.0
3777,1.0,0.0
3778,1.0,0.0
3779,1.0,0.0
3780,1.0,0.0
3781,0.0,0.0
3782,0.0,0.0
3783,0.0,0.0
3784,0.0,0.0
3785,0.0,0.0
3786,0.0,0.0
3787,0.0,0.0
3788,0.0,0.0
3789,0.0,0.0
3790,0.0,0.0
3791,0.0,0.0
3792,0.0,0.0
3793,0.0,0.0
3794,0.0,0.0
3795,0.0,0.0
3796,0.0,0.0
3797,0.0,0.0
3798,0.0,0.0
3799,0.0,0.0
3800,0.0,0.0
3801,0.0,0.0
3802,0.0,0.0
3803,0.0,0.0
3804,0.0,0.0
3805,0.0,0.0
3806,0.0,0.0
3807,0.0,0.0
3808,1104.0,124.0
3809,1104.0,122.0
3810,1097.0,115.0
3811,1101.0,115.0
3812,1111.0,120.0
3813,1115.0,124.0
3814,1114.0,123.0
3815,1112.0,123.0
3816,1112.0,122.0
3817,1112.0,122.0
3818,1113.0,122.0
3819,1113.0,123.0
3820,1114.0,123.0
3821,1113.0,123.0
3822,1113.0,123.0
3823,1113.0,123.0
3824,1113.0,123.0
3825,1113.0,123.0
3826,1113.0,123.0
3827,1113.0,123.0
3828,1113.0,123.0
3829,1113.0,123.0
3830,1113.0,123.0
3831,1113.0,123.0
3832,1113.0,123.0
3833,1113.0,123.0
3834,1113.0,123.0
3835,1113.0,123.0
3836,1113.0,123.0
3837,1113.0,123.0
3838,1113.0,123.0
3839,127.0,4.0
3840,126.0,4.0
3841,126.0,4.0
3842,126.0,4.0
3843,126.0,4.0
3844,126.0,4.0
3845,126.0,4.0
3846,126.0,4.0
3847,126.0,4.0
3848,126.0,4.0
3849,126.0,4.0
3850,126.0,4.0
3851,126.0,4.0
3852,126.0,4.0
3853,126.0,4.0
3854,126.0,4.0
3855,126.0,4.0
3856,126.0,4.0
3857,126.0,4.0
3858,126.0,4.0
3859,126.0,4.0
3860,126.0,4.0
3861,126.0,4.0
3862,126.0,4.0
3863,126.0,4.0
3864,126.0,4.0
3865,126.0,4.0
3866,126.0,4.0
3867,126.0,4.0
3868,126.0,4.0
3869,126.0,4.0
3870,1.0,0.0
3871,1.0,0.0
3872,1.0,0.0
3873,1.0,0.0
3874,1.0,0.0
3875,1.0,0.0
3876,1.0,0.0
3877,1.0,0.0
3878,1.0,0.0
3879,1.0,0.0
3880,1.0,0.0
3881,1.0,0.0
3882,1.0,0.0
3883,1.0,0.0
3884,1.0,0.0
3885,1.0,0.0
3886,1.0,0.0
3887,1.0,0.0
3888,1.0,0.0
3889,1.0,0.0
3890,1.0,0.0
3891,1.0,0.0
3892,1.0,0.0
3893,2.0,0.0
3894,2.0,0.0
3895,2.0,0.0
3896,2.0,0.0
3897,2.0,0.0
3898,2.0,0.0
3899,2.0,0.0
3900,2.0,0.0
3901,1.0,0.0
3902,1.0,0.0
3903,1.0,0.0
3904,1.0,0.0
3905,1.0,0.0
3906,1.0,0.0
3907,1.0,0.0
3908,1.0,0.0
3909,1.0,0.0
3910,1.0,0.0
3911,1.0,0.0
3912,1.0,0.0
3913,1.0,0.0
3914,1.0,0.0
3915,1.0,0.0
3916,1.0,0.0
3917,1.0,0.0
3918,1.0,0.0
3919,1.0,0.0
3920,1.0,0.0
3921,1.0,0.0
3922,1.0,0.0
3923,1.0,0.0
3924,1.0,0.0
3925,1.0,0.0
3926,1.0,0.0
3927,1.0,0.0
3928,1.0,0.0
3929,1.0,0.0
3930,1.0,0.0
3931,1.0,0.0
3932,0.0,0.0
3933,0.0,0.0
3934,4.0,0.0
3935,4.0,0.0
3936,6.0,0.0
3937,5.0,0.0
3938,4.0,0.0
3939,3.0,0.0
3940,3.0,0.0
3941,3.0,0.0
3942,3.0,0.0
3943,3.0,0.0
3944,4.0,0.0
3945,4.0,0.0
3946,4.0,0.0
3947,4.0,0.0
3948,4.0,0.0
3949,4.0,0.0
3950,4.0,0.0
3951,4.0,0.0
3952,4.0,0.0
3953,4.0,0.0
3954,4.0,0.0
3955,4.0,0.0
3956,4.0,0.0
3957,4.0,0.0
3958,4.0,0.0
3959,4.0,0.0
3960,4.0,0.0
3961,4.0,0.0
3962,4.0,0.0
3963,0.0,0.0
3964,0.0,0.0
3965,0.0,0.0
3966,0.0,0.0
3967,0.0,0.0
3968,0.0,0.0
3969,0.0,0.0
3970,0.0,0.0
3971,0.0,0.0
3972,0.0,0.0
3973,0.0,0.0
3974,0.0,0.0
3975,0.0,0.0
3976,0.0,0.0
3977,0.0,0.0
3978,0.0,0.0
3979,0.0,0.0
3980,0.0,0.0
3981,0.0,0.0
3982,0.0,0.0
3983,0.0,0.0
3984,0.0,0.0
3985,0.0,0.0
3986,0.0,0.0
3987,0.0,0.0
3988,0.0,0.0
3989,0.0,0.0
3990,0.0,0.0
3991,0.0,0.0
3992,0.0,0.0
3993,0.0,0.0
3994,131.0,4.0
3995,127.0,4.0
3996,125.0,4.0
3997,128.0,5.0
3998,129.0,5.0
3999,136.0,4.0
4000,139.0,4.0
4001,143.0,4.0
4002,145.0,4.0
4003,147.0,4.0
4004,148.0,4.0
4005,149.0,4.0
4006,150.0,4.0
4007,150.0,4.0
4008,151.0,4.0
4009,151.0,3.0
4010,151.0,3.0
4011,151.0,3.0
4012,151.0,3.0
4013,151.0,3.0
4014,151.0,3.0
4015,151.0,3.0
4016,151.0,3.0
4017,151.0,3.0
4018,150.0,3.0
4019,150.0,3.0
4020,150.0,3.0
4021,150.0,3.0
4022,150.0,3.0
4023,150.0,3.0
4024,150.0,3.0
4025,3.0,0.0
4026,3.0,0.0
4027,3.0,0.0
4028,3.0,0.0
4029,3.0,0.0
4030,3.0,0.0
4031,3.0,0.0
4032,3.0,0.0
4033,3.0,0.0
4034,3.0,0.0
4035,3.0,0.0
4036,3.0,0.0
4037,3.0,0.0
4038,3.0,0.0
4039,3.0,0.0
4040,3.0,0.0
4041,3.0,0.0
4042,3.0,0.0
4043,3.0,0.0
4044,3.0,0.0
4045,3.0,0.0
4046,3.0,0.0
4047,3.0,0.0
4048,3.0,0.0
4049,3.0,0.0
4050,3.0,0.0
4051,3.0,0.0
4052,3.0,0.0
4053,3.0,0.0
4054,3.0,0.0
4055,3.0,0.0
4056,4.0,0.0
4057,5.0,0.0
4058,5.0,0.0
4059,5.0,0.0
4060,5.0,0.0
4061,5.0,0.0
4062,5.0,0.0
4063,5.0,0.0
4064,5.0,0.0
4065,5.0,0.0
4066,5.0,0.0
4067,5.0,0.0
4068,5.0,0.0
4069,5.0,0.0
4070,5.0,0.0
4071,5.0,0.0
4072,5.0,0.0
4073,5.0,0.0
4074,5.0,0.0
4075,5.0,0.0
4076,5.0,0.0
4077,5.0,0.0
4078,5.0,0.0
4079,5.0,0.0
4080,5.0,0.0
4081,5.0,0.0
4082,5.0,0.0
4083,5.0,0.0
4084,5.0,0.0
4085,5.0,0.0
4086,5.0,0.0
4087,0.0,0.0
4088,0.0,0.0
4089,0.0,0.0
4090,0.0,0.0
4091,0.0,0.0
4092,0.0,0.0
4093,0.0,0.0
4094,0.0,0.0
4095,0.0,0.0
4096,0.0,0.0
4097,0.0,0.0
4098,0.0,0.0
4099,0.0,0.0
4100,0.0,0.0
4101,0.0,0.0
4102,0.0,0.0
4103,0.0,0.0
4104,0.0,0.0
4105,0.0,0.0
4106,0.0,0.0
4107,0.0,0.0
4108,0.0,0.0
4109,0.0,0.0
4110,0.0,0.0
4111,0.0,0.0
4112,0.0,0.0
4113,0.0,0.0
4114,0.0,0.0
4115,0.0,0.0
4116,0.0,0.0
4117,0.0,0.0
4118,2.0,0.0
4119,2.0,0.0
4120,2.0,0.0
4121,2.0,0.0
4122,2.0,0.0
4123,2.0,0.0
4124,2.0,0.0
4125,2.0,0.0
4126,2.0,0.0
4127,2.0,0.0
4128,2.0,0.0
4129,2.0,0.0
4130,2.0,0.0
4131,2.0,0.0
4132,2.0,0.0
4133,2.0,0.0
4134,2.0,0.0
4135,2.0,0.0
4136,2.0,0.0
4137,2.0,0.0
4138,2.0,0.0
4139,2.0,0.0
4140,2.0,0.0
4141,2.0,0.0
4142,2.0,0.0
4143,2.0,0.0
4144,2.0,0.0
4145,2.0,0.0
4146,2.0,0.0
4147,2.0,0.0
4148,2.0,0.0
4149,492.0,73.0
4150,550.0,64.0
4151,603.0,58.0
4152,658.0,59.0
4153,717.0,60.0
4154,778.0,66.0
4155,843.0,76.0
4156,909.0,93.0
4157,969.0,102.0
4158,1005.0,110.0
4159,1012.0,117.0
4160,1000.0,124.0
4161,984.0,130.0
4162,975.0,134.0
4163,975.0,135.0
4164,975.0,133.0
4165,970.0,130.0
4166,957.0,127.0
4167,938.0,125.0
4168,920.0,124.0
4169,907.0,123.0
4170,901.0,123.0
4171,900.0,122.0
4172,902.0,121.0
4173,903.0,120.0
4174,903.0,119.0
4175,901.0,118.0
4176,900.0,118.0
4177,899.0,119.0
4178,901.0,119.0
4179,903.0,119.0
4180,0.0,0.0
4181,0.0,0.0
4182,0.0,0.0
4183,0.0,0.0
4184,0.0,0.0
4185,0.0,0.0
4186,0.0,0.0
4187,0.0,0.0
4188,0.0,0.0
4189,0.0,0.0
4190,0.0,0.0
4191,0.0,0.0
4192,0.0,0.0
4193,0.0,0.0
4194,0.0,0.0
4195,0.0,0.0
4196,0.0,0.0
4197,0.0,0.0
4198,0.0,0.0
4199,0.0,0.0
4200,0.0,0.0
4201,0.0,0.0
4202,0.0,0.0
4203,0.0,0.0
4204,0.0,0.0
4205,0.0,0.0
4206,0.0,0.0
4207,0.0,0.0
4208,0.0,0.0
4209,0.0,0.0
4210,0.0,0.0
4211,13.0,0.0
4212,17.0,1.0
4213,23.0,1.0
4214,30.0,1.0
4215,37.0,1.0
4216,44.0,1.0
4217,50.0,1.0
4218,53.0,1.0
4219,55.0,1.0
4220,54.0,1.0
4221,50.0,1.0
4222,46.0,1.0
4223,42.0,1.0
4224,37.0,1.0
4225,32.0,1.0
4226,28.0,1.0
4227,24.0,1.0
4228,20.0,1.0
4229,18.0,1.0
4230,17.0,1.0
4231,16.0,1.0
4232,15.0,1.0
4233,15.0,1.0
4234,14.0,1.0
4235,15.0,1.0
4236,16.0,1.0
4237,17.0,1.0
4238,18.0,1.0
4239,20.0,1.0
4240,22.0,1.0
4241,24.0,1.0
4242,0.0,0.0
4243,0.0,0.0
4244,0.0,0.0
4245,0.0,0.0
4246,1.0,0.0
4247,0.0,0.0
4248,0.0,0.0
4249,0.0,0.0
4250,0.0,0.0
4251,0.0,0.0
4252,0.0,0.0
4253,0.0,0.0
4254,0.0,0.0
4255,0.0,0.0
4256,0.0,0.0
4257,0.0,0.0
4258,0.0,0.0
4259,0.0,0.0
4260,0.0,0.0
4261,0.0,0.0
4262,0.0,0.0
4263,0.0,0.0
4264,0.0,0.0
4265,0.0,0.0
4266,0.0,0.0
4267,0.0,0.0
4268,0.0,0.0
4269,0.0,0.0
4270,0.0,0.0
4271,0.0,0.0
4272,0.0,0.0
4273,11.0,1.0
4274,12.0,1.0
4275,13.0,1.0
4276,15.0,1.0
4277,17.0,1.0
4278,19.0,1.0
4279,20.0,1.0
4280,21.0,1.0
4281,22.0,1.0
4282,23.0,1.0
4283,24.0,1.0
4284,24.0,1.0
4285,25.0,1.0
4286,25.0,1.0
4287,25.0,1.0
4288,25.0,1.0
4289,24.0,1.0
4290,24.0,1.0
4291,24.0,1.0
4292,23.0,1.0
4293,23.0,1.0
4294,23.0,1.0
4295,23.0,1.0
4296,23.0,1.0
4297,23.0,1.0
4298,23.0,1.0
4299,23.0,1.0
4300,23.0,1.0
4301,23.0,1.0
4302,23.0,1.0
4303,23.0,1.0
4304,154.0,4.0
4305,159.0,4.0
4306,178.0,4.0
4307,196.0,5.0
4308,206.0,5.0
4309,250.0,6.0
4310,250.0,6.0
4311,237.0,5.0
4312,245.0,6.0
4313,255.0,6.0
4314,261.0,6.0
4315,267.0,6.0
4316,272.0,6.0
4317,272.0,6.0
4318,271.0,6.0
4319,273.0,6.0
4320,275.0,6.0
4321,276.0,6.0
4322,277.0,6.0
4323,277.0,6.0
4324,277.0,6.0
4325,278.0,6.0
4326,278.0,6.0
4327,278.0,6.0
4328,278.0,6.0
4329,278.0,6.0
4330,279.0,6.0
4331,279.0,6.0
4332,279.0,6.0
4333,279.0,6.0
4334,279.0,6.0
4335,0.0,0.0
4336,0.0,0.0
4337,0.0,0.0
4338,0.0,0.0
4339,0.0,0.0
4340,0.0,0.0
4341,0.0,0.0
4342,0.0,0.0
4343,0.0,0.0
4344,0.0,0.0
4345,0.0,0.0
4346,0.0,0.0
4347,0.0,0.0
4348,0.0,0.0
4349,0.0,0.0
4350,0.0,0.0
4351,0.0,0.0
4352,0.0,0.0
4353,0.0,0.0
4354,0.0,0.0
4355,0.0,0.0
4356,0.0,0.0
4357,0.0,0.0
4358,0.0,0.0
4359,0.0,0.0
4360,0.0,0.0
4361,0.0,0.0
4362,0.0,0.0
4363,0.0,0.0
4364,0.0,0.0
4365,0.0,0.0
4366,77.0,5.0
4367,82.0,4.0
4368,95.0,3.0
4369,97.0,3.0
4370,99.0,4.0
4371,100.0,5.0
4372,98.0,5.0
4373,110.0,5.0
4374,116.0,5.0
4375,119.0,5.0
4376,114.0,5.0
4377,109.0,6.0
4378,106.0,6.0
4379,104.0,6.0
4380,104.0,6.0
4381,100.0,6.0
4382,96.0,6.0
4383,91.0,6.0
4384,88.0,6.0
4385,86.0,6.0
4386,84.0,6.0
4387,83.0,6.0
4388,81.0,6.0
4389,80.0,6.0
4390,80.0,6.0
4391,80.0,6.0
4392,80.0,6.0
4393,80.0,5.0
4394,80.0,5.0
4395,81.0,5.0
4396,81.0,5.0
4397,103.0,0.0
4398,105.0,0.0
4399,109.0,0.0
4400,107.0,0.0
4401,108.0,0.0
4402,114.0,0.0
4403,116.0,0.0
4404,113.0,0.0
4405,114.0,0.0
4406,114.0,0.0
4407,115.0,0.0
4408,115.0,0.0
4409,115.0,0.0
4410,115.0,0.0
4411,115.0,0.0
4412,116.0,0.0
4413,116.0,0.0
4414,116.0,0.0
4415,116.0,0.0
4416,116.0,0.0
4417,116.0,0.0
4418,116.0,0.0
4419,116.0,0.0
4420,116.0,0.0
4421,116.0,0.0
4422,116.0,0.0
4423,116.0,0.0
4424,116.0,0.0
4425,116.0,0.0
4426,116.0,0.0
4427,116.0,0.0
4428,808.0,19.0
4429,791.0,19.0
4430,801.0,19.0
4431,809.0,19.0
4432,821.0,19.0
4433,818.0,19.0
4434,808.0,19.0
4435,808.0,19.0
4436,808.0,19.0
4437,809.0,19.0
4438,809.0,19.0
4439,809.0,19.0
4440,809.0,19.0
4441,808.0,19.0
4442,808.0,19.0
4443,808.0,19.0
4444,808.0,19.0
4445,808.0,19.0
4446,808.0,19.0
4447,808.0,19.0
4448,808.0,19.0
4449,808.0,19.0
4450,808.0,19.0
4451,808.0,19.0
4452,808.0,19.0
4453,808.0,19.0
4454,808.0,19.0
4455,808.0,19.0
4456,808.0,19.0
4457,808.0,19.0
4458,808.0,19.0
4459,14.0,0.0
4460,14.0,0.0
4461,14.0,0.0
4462,14.0,0.0
4463,10.0,0.0
4464,11.0,0.0
4465,11.0,0.0
4466,11.0,0.0
4467,11.0,0.0
4468,11.0,0.0
4469,11.0,0.0
4470,11.0,0.0
4471,11.0,0.0
4472,11.0,0.0
4473,11.0,0.0
4474,11.0,0.0
4475,11.0,0.0
4476,11.0,0.0
4477,11.0,0.0
4478,11.0,0.0
4479,11.0,0.0
4480,11.0,0.0
4481,11.0,0.0
4482,11.0,0.0
4483,11.0,0.0
4484,11.0,0.0
4485,11.0,0.0
4486,11.0,0.0
4487,11.0,0.0
4488,11.0,0.0
4489,11.0,0.0
4490,187.0,5.0
4491,190.0,6.0
4492,187.0,5.0
4493,186.0,5.0
4494,184.0,5.0
4495,185.0,5.0
4496,182.0,5.0
4497,185.0,5.0
4498,185.0,5.0
4499,184.0,5.0
4500,184.0,5.0
4501,184.0,5.0
4502,184.0,5.0
4503,184.0,5.0
4504,184.0,5.0
4505,184.0,5.0
4506,184.0,5.0
4507,184.0,5.0
4508,184.0,5.0
4509,184.0,5.0
4510,184.0,5.0
4511,184.0,5.0
4512,184.0,5.0
4513,184.0,5.0
4514,184.0,5.0
4515,184.0,5.0
4516,184.0,5.0
4517,184.0,5.0
4518,184.0,5.0
4519,184.0,5.0
4520,184.0,5.0
4521,0.0,0.0
4522,0.0,0.0
4523,0.0,0.0
4524,0.0,0.0
4525,0.0,0.0
4526,0.0,0.0
4527,0.0,0.0
4528,0.0,0.0
4529,0.0,0.0
4530,0.0,0.0
4531,0.0,0.0
4532,0.0,0.0
4533,0.0,0.0
4534,0.0,0.0
4535,0.0,0.0
4536,0.0,0.0
4537,0.0,0.0
4538,0.0,0.0
4539,0.0,0.0
4540,0.0,0.0
4541,0.0,0.0
4542,0.0,0.0
4543,0.0,0.0
4544,0.0,0.0
4545,0.0,0.0
4546,0.0,0.0
4547,0.0,0.0
4548,0.0,0.0
4549,0.0,0.0
4550,0.0,0.0
4551,0.0,0.0
4552,6.0,0.0
4553,6.0,0.0
4554,6.0,0.0
4555,6.0,0.0
4556,6.0,0.0
4557,6.0,0.0
4558,6.0,0.0
4559,6.0,0.0
4560,6.0,0.0
4561,6.0,0.0
4562,6.0,0.0
4563,6.0,0.0
4564,6.0,0.0
4565,6.0,0.0
4566,6.0,0.0
4567,6.0,0.0
4568,6.0,0.0
4569,6.0,0.0
4570,6.0,0.0
4571,6.0,0.0
4572,6.0,0.0
4573,6.0,0.0
4574,6.0,0.0
4575,6.0,0.0
4576,6.0,0.0
4577,6.0,0.0
4578,6.0,0.0
4579,6.0,0.0
4580,6.0,0.0
4581,6.0,0.0
4582,6.0,0.0
4583,2558.0,75.0
4584,2732.0,80.0
4585,2897.0,85.0
4586,2830.0,83.0
4587,3104.0,92.0
4588,3332.0,99.0
4589,3401.0,101.0
4590,3398.0,101.0
4591,3478.0,104.0
4592,3542.0,106.0
4593,3591.0,107.0
4594,3662.0,110.0
4595,3704.0,111.0
4596,3723.0,112.0
4597,3740.0,112.0
4598,3762.0,113.0
4599,3779.0,113.0
4600,3794.0,114.0
4601,3807.0,114.0
4602,3815.0,115.0
4603,3820.0,115.0
4604,3825.0,115.0
4605,3830.0,115.0
4606,3834.0,115.0
4607,3837.0,115.0
4608,3840.0,115.0
4609,3841.0,115.0
4610,3843.0,116.0
4611,3844.0,116.0
4612,3845.0,116.0
4613,3846.0,116.0
4614,224.0,17.0
4615,226.0,17.0
4616,226.0,17.0
4617,226.0,17.0
4618,224.0,17.0
4619,223.0,17.0
4620,223.0,17.0
4621,224.0,17.0
4622,224.0,17.0
4623,224.0,17.0
4624,224.0,17.0
4625,224.0,17.0
4626,224.0,17.0
4627,224.0,17.0
4628,224.0,17.0
4629,224.0,17.0
4630,224.0,17.0
4631,224.0,17.0
4632,224.0,17.0
4633,224.0,17.0
4634,224.0,17.0
4635,224.0,17.0
4636,224.0,17.0
4637,224.0,17.0
4638,224.0,17.0
4639,224.0,17.0
4640,224.0,17.0
4641,224.0,17.0
4642,224.0,17.0
4643,224.0,17.0
4644,224.0,17.0
4645,339.0,24.0
4646,339.0,24.0
4647,346.0,24.0
4648,349.0,23.0
4649,342.0,24.0
4650,340.0,24.0
4651,343.0,24.0
4652,347.0,23.0
4653,348.0,23.0
4654,348.0,23.0
4655,348.0,23.0
4656,348.0,23.0
4657,348.0,23.0
4658,349.0,23.0
4659,349.0,23.0
4660,349.0,23.0
4661,349.0,23.0
4662,349.0,23.0
4663,349.0,23.0
4664,349.0,23.0
4665,349.0,23.0
4666,349.0,23.0
4667,349.0,23.0
4668,349.0,23.0
4669,349.0,23.0
4670,349.0,23.0
4671,349.0,23.0
4672,349.0,23.0
4673,349.0,23.0
4674,349.0,23.0
4675,349.0,23.0
4676,365.0,24.0
4677,415.0,23.0
4678,498.0,21.0
4679,526.0,22.0
4680,568.0,23.0
4681,595.0,24.0
4682,630.0,25.0
4683,638.0,26.0
4684,655.0,27.0
4685,664.0,27.0
4686,663.0,28.0
4687,658.0,28.0
4688,651.0,29.0
4689,642.0,29.0
4690,632.0,29.0
4691,622.0,29.0
4692,612.0,29.0
4693,602.0,29.0
4694,594.0,29.0
4695,587.0,29.0
4696,581.0,29.0
4697,577.0,28.0
4698,574.0,28.0
4699,572.0,28.0
4700,571.0,28.0
4701,571.0,28.0
4702,572.0,28.0
4703,573.0,28.0
4704,574.0,28.0
4705,576.0,28.0
4706,578.0,28.0
4707,28.0,3.0
4708,37.0,4.0
4709,45.0,4.0
4710,49.0,3.0
4711,45.0,2.0
4712,40.0,1.0
4713,37.0,2.0
4714,36.0,3.0
4715,39.0,4.0
4716,43.0,4.0
4717,45.0,3.0
4718,45.0,2.0
4719,42.0,2.0
4720,39.0,2.0
4721,38.0,3.0
4722,39.0,3.0
4723,41.0,3.0
4724,43.0,3.0
4725,43.0,3.0
4726,42.0,2.0
4727,41.0,2.0
4728,40.0,3.0
4729,40.0,3.0
4730,41.0,3.0
4731,42.0,3.0
4732,43.0,3.0
4733,42.0,3.0
4734,41.0,2.0
4735,41.0,3.0
4736,41.0,3.0
4737,41.0,3.0
4738,814.0,0.0
4739,814.0,0.0
4740,814.0,0.0
4741,814.0,0.0
4742,815.0,0.0
4743,816.0,0.0
4744,816.0,0.0
4745,816.0,0.0
4746,816.0,0.0
4747,816.0,0.0
4748,816.0,0.0
4749,816.0,0.0
4750,816.0,0.0
4751,816.0,0.0
4752,816.0,0.0
4753,816.0,0.0
4754,816.0,0.0
4755,816.0,0.0
4756,816.0,0.0
4757,816.0,0.0
4758,816.0,0.0
4759,816.0,0.0
4760,816.0,0.0
4761,816.0,0.0
4762,816.0,0.0
4763,816.0,0.0
4764,816.0,0.0
4765,816.0,0.0
4766,816.0,0.0
4767,816.0,0.0
4768,816.0,0.0
4769,335.0,21.0
4770,331.0,20.0
4771,332.0,20.0
4772,338.0,21.0
4773,336.0,21.0
4774,338.0,21.0
4775,341.0,21.0
4776,340.0,21.0
4777,341.0,21.0
4778,341.0,21.0
4779,341.0,21.0
4780,341.0,21.0
4781,341.0,21.0
4782,341.0,21.0
4783,341.0,21.0
4784,341.0,21.0
4785,341.0,21.0
4786,341.0,21.0
4787,341.0,21.0
4788,341.0,21.0
4789,341.0,21.0
4790,341.0,21.0
4791,341.0,21.0
4792,341.0,21.0
4793,341.0,21.0
4794,341.0,21.0
4795,341.0,21.0
4796,341.0,21.0
4797,341.0,21.0
4798,341.0,21.0
4799,341.0,21.0
4800,5674.0,60.0
4801,5719.0,62.0
4802,5711.0,63.0
4803,5697.0,63.0
4804,5674.0,62.0
4805,5668.0,63.0
4806,5643.0,62.0
4807,5614.0,60.0
4808,5612.0,60.0
4809,5606.0,60.0
4810,5601.0,60.0
4811,5595.0,59.0
4812,5591.0,59.0
4813,5587.0,59.0
4814,5583.0,59.0
4815,5582.0,59.0
4816,5580.0,59.0
4817,5579.0,59.0
4818,5578.0,59.0
4819,5577.0,59.0
4820,5576.0,59.0
4821,5575.0,59.0
4822,5575.0,59.0
4823,5574.0,59.0
4824,5574.0,59.0
4825,5574.0,59.0
4826,5574.0,59.0
4827,5573.0,59.0
4828,5573.0,59.0
4829,5573.0,59.0
4830,5573.0,59.0
4831,5.0,0.0
4832,5.0,0.0
4833,5.0,0.0
4834,5.0,0.0
4835,5.0,0.0
4836,5.0,0.0
4837,5.0,0.0
4838,5.0,0.0
4839,5.0,0.0
4840,5.0,0.0
4841,5.0,0.0
4842,5.0,0.0
4843,5.0,0.0
4844,5.0,0.0
4845,5.0,0.0
4846,5.0,0.0
4847,5.0,0.0
4848,5.0,0.0
4849,5.0,0.0
4850,5.0,0.0
4851,5.0,0.0
4852,5.0,0.0
4853,5.0,0.0
4854,5.0,0.0
4855,5.0,0.0
4856,5.0,0.0
4857,5.0,0.0
4858,5.0,0.0
4859,5.0,0.0
4860,5.0,0.0
4861,5.0,0.0
4862,0.0,0.0
4863,0.0,0.0
4864,0.0,0.0
4865,0.0,0.0
4866,0.0,0.0
4867,0.0,0.0
4868,0.0,0.0
4869,0.0,0.0
4870,0.0,0.0
4871,0.0,0.0
4872,0.0,0.0
4873,0.0,0.0
4874,0.0,0.0
4875,0.0,0.0
4876,0.0,0.0
4877,0.0,0.0
4878,0.0,0.0
4879,0.0,0.0
4880,0.0,0.0
4881,0.0,0.0
4882,0.0,0.0
4883,0.0,0.0
4884,0.0,0.0
4885,0.0,0.0
4886,0.0,0.0
4887,0.0,0.0
4888,0.0,0.0
4889,0.0,0.0
4890,0.0,0.0
4891,0.0,0.0
4892,0.0,0.0
4893,0.0,0.0
4894,0.0,0.0
4895,0.0,0.0
4896,0.0,0.0
4897,0.0,0.0
4898,0.0,0.0
4899,0.0,0.0
4900,0.0,0.0
4901,0.0,0.0
4902,0.0,0.0
4903,0.0,0.0
4904,0.0,0.0
4905,0.0,0.0
4906,0.0,0.0
4907,0.0,0.0
4908,0.0,0.0
4909,0.0,0.0
4910,0.0,0.0
4911,0.0,0.0
4912,0.0,0.0
4913,0.0,0.0
4914,0.0,0.0
4915,0.0,0.0
4916,0.0,0.0
4917,0.0,0.0
4918,0.0,0.0
4919,0.0,0.0
4920,0.0,0.0
4921,0.0,0.0
4922,0.0,0.0
4923,0.0,0.0
4924,0.0,0.0
4925,0.0,0.0
4926,0.0,0.0
4927,0.0,0.0
4928,0.0,0.0
4929,0.0,0.0
4930,0.0,0.0
4931,0.0,0.0
4932,0.0,0.0
4933,0.0,0.0
4934,0.0,0.0
4935,0.0,0.0
4936,0.0,0.0
4937,0.0,0.0
4938,0.0,0.0
4939,0.0,0.0
4940,0.0,0.0
4941,0.0,0.0
4942,0.0,0.0
4943,0.0,0.0
4944,0.0,0.0
4945,0.0,0.0
4946,0.0,0.0
4947,0.0,0.0
4948,0.0,0.0
4949,0.0,0.0
4950,0.0,0.0
4951,0.0,0.0
4952,0.0,0.0
4953,0.0,0.0
4954,0.0,0.0
4955,11.0,1.0
4956,10.0,1.0
4957,10.0,1.0
4958,11.0,1.0
4959,10.0,1.0
4960,11.0,1.0
4961,11.0,1.0
4962,11.0,1.0
4963,11.0,1.0
4964,11.0,1.0
4965,11.0,1.0
4966,11.0,1.0
4967,11.0,1.0
4968,11.0,1.0
4969,11.0,1.0
4970,11.0,1.0
4971,11.0,1.0
4972,11.0,1.0
4973,11.0,1.0
4974,11.0,1.0
4975,11.0,1.0
4976,11.0,1.0
4977,11.0,1.0
4978,11.0,1.0
4979,11.0,1.0
4980,11.0,1.0
4981,11.0,1.0
4982,11.0,1.0
4983,11.0,1.0
4984,11.0,1.0
4985,11.0,1.0
4986,1.0,0.0
4987,1.0,0.0
4988,1.0,0.0
4989,1.0,0.0
4990,1.0,0.0
4991,1.0,0.0
4992,1.0,0.0
4993,1.0,0.0
4994,1.0,0.0
4995,1.0,0.0
4996,1.0,0.0
4997,1.0,0.0
4998,1.0,0.0
4999,1.0,0.0
5000,1.0,0.0
5001,1.0,0.0
5002,1.0,0.0
5003,1.0,0.0
5004,1.0,0.0
5005,1.0,0.0
5006,1.0,0.0
5007,1.0,0.0
5008,1.0,0.0
5009,1.0,0.0
5010,1.0,0.0
5011,1.0,0.0
5012,1.0,0.0
5013,1.0,0.0
5014,1.0,0.0
5015,1.0,0.0
5016,1.0,0.0
5017,1280.0,6.0
5018,1282.0,6.0
5019,1286.0,6.0
5020,1282.0,6.0
5021,1290.0,6.0
5022,1292.0,6.0
5023,1289.0,6.0
5024,1290.0,6.0
5025,1290.0,6.0
5026,1290.0,6.0
5027,1290.0,6.0
5028,1291.0,6.0
5029,1291.0,6.0
5030,1291.0,6.0
5031,1291.0,6.0
5032,1291.0,6.0
5033,1291.0,6.0
5034,1291.0,6.0
5035,1291.0,6.0
5036,1291.0,6.0
5037,1291.0,6.0
5038,1291.0,6.0
5039,1291.0,6.0
5040,1291.0,6.0
5041,1291.0,6.0
5042,1291.0,6.0
5043,1291.0,6.0
5044,1291.0,6.0
5045,1291.0,6.0
5046,1291.0,6.0
5047,1291.0,6.0
5048,79.0,0.0
5049,80.0,0.0
5050,80.0,0.0
5051,80.0,0.0
5052,79.0,0.0
5053,80.0,0.0
5054,79.0,0.0
5055,80.0,0.0
5056,80.0,0.0
5057,80.0,0.0
5058,80.0,0.0
5059,80.0,0.0
5060,80.0,0.0
5061,80.0,0.0
5062,80.0,0.0
5063,80.0,0.0
5064,80.0,0.0
5065,80.0,0.0
5066,80.0,0.0
5067,80.0,0.0
5068,80.0,0.0
5069,80.0,0.0
5070,80.0,0.0
5071,80.0,0.0
5072,80.0,0.0
5073,80.0,0.0
5074,80.0,0.0
5075,80.0,0.0
5076,80.0,0.0
5077,80.0,0.0
5078,80.0,0.0
5079,284.0,5.0
5080,277.0,5.0
5081,278.0,5.0
5082,288.0,5.0
5083,292.0,5.0
5084,296.0,5.0
5085,297.0,5.0
5086,295.0,5.0
5087,295.0,5.0
5088,293.0,5.0
5089,291.0,5.0
5090,291.0,5.0
5091,290.0,5.0
5092,290.0,5.0
5093,291.0,5.0
5094,291.0,5.0
5095,292.0,5.0
5096,292.0,5.0
5097,293.0,5.0
5098,293.0,5.0
5099,292.0,5.0
5100,292.0,5.0
5101,292.0,5.0
5102,292.0,5.0
5103,292.0,5.0
5104,292.0,5.0
5105,292.0,5.0
5106,292.0,5.0
5107,292.0,5.0
5108,292.0,5.0
5109,292.0,5.0
5110,0.0,0.0
5111,0.0,0.0
5112,0.0,0.0
5113,0.0,0.0
5114,0.0,0.0
5115,0.0,0.0
5116,0.0,0.0
5117,0.0,0.0
5118,0.0,0.0
5119,0.0,0.0
5120,0.0,0.0
5121,0.0,0.0
5122,0.0,0.0
5123,0.0,0.0
5124,0.0,0.0
5125,0.0,0.0
5126,0.0,0.0
5127,0.0,0.0
5128,0.0,0.0
5129,0.0,0.0
5130,0.0,0.0
5131,0.0,0.0
5132,0.0,0.0
5133,0.0,0.0
5134,0.0,0.0
5135,0.0,0.0
5136,0.0,0.0
5137,0.0,0.0
5138,0.0,0.0
5139,0.0,0.0
5140,0.0,0.0
5141,8.0,0.0
5142,8.0,1.0
5143,8.0,1.0
5144,9.0,1.0
5145,9.0,1.0
5146,9.0,1.0
5147,9.0,1.0
5148,9.0,1.0
5149,9.0,1.0
5150,9.0,1.0
5151,9.0,1.0
5152,9.0,1.0
5153,9.0,1.0
5154,9.0,1.0
5155,9.0,1.0
5156,9.0,1.0
5157,9.0,1.0
5158,9.0,1.0
5159,9.0,1.0
5160,9.0,1.0
5161,9.0,1.0
5162,9.0,1.0
5163,9.0,1.0
5164,9.0,1.0
5165,9.0,1.0
5166,9.0,1.0
5167,9.0,1.0
5168,9.0,1.0
5169,9.0,1.0
5170,9.0,1.0
5171,9.0,1.0
5172,807.0,0.0
5173,901.0,0.0
5174,983.0,0.0
5175,1024.0,0.0
5176,1075.0,0.0
5177,941.0,0.0
5178,909.0,0.0
5179,873.0,0.0
5180,824.0,0.0
5181,799.0,0.0
5182,801.0,0.0
5183,826.0,0.0
5184,880.0,0.0
5185,911.0,0.0
5186,937.0,0.0
5187,953.0,0.0
5188,949.0,0.0
5189,930.0,0.0
5190,903.0,0.0
5191,876.0,0.0
5192,858.0,0.0
5193,850.0,0.0
5194,852.0,0.0
5195,865.0,0.0
5196,883.0,0.0
5197,901.0,0.0
5198,914.0,0.0
5199,920.0,0.0
5200,917.0,0.0
5201,909.0,0.0
5202,896.0,0.0
5203,2.0,0.0
5204,2.0,0.0
5205,2.0,0.0
5206,2.0,0.0
5207,2.0,0.0
5208,2.0,0.0
5209,2.0,0.0
5210,2.0,0.0
5211,2.0,0.0
5212,2.0,0.0
5213,2.0,0.0
5214,2.0,0.0
5215,2.0,0.0
5216,2.0,0.0
5217,2.0,0.0
5218,2.0,0.0
5219,2.0,0.0
5220,2.0,0.0
5221,2.0,0.0
5222,2.0,0.0
5223,2.0,0.0
5224,2.0,0.0
5225,2.0,0.0
5226,2.0,0.0
5227,2.0,0.0
5228,2.0,0.0
5229,2.0,0.0
5230,2.0,0.0
5231,2.0,0.0
5232,2.0,0.0
5233,2.0,0.0
5234,35.0,1.0
5235,35.0,1.0
5236,34.0,1.0
5237,34.0,1.0
5238,34.0,1.0
5239,34.0,1.0
5240,34.0,1.0
5241,35.0,1.0
5242,35.0,1.0
5243,35.0,1.0
5244,35.0,1.0
5245,35.0,1.0
5246,35.0,1.0
5247,35.0,1.0
5248,35.0,1.0
5249,35.0,1.0
5250,35.0,1.0
5251,35.0,1.0
5252,35.0,1.0
5253,35.0,1.0
5254,35.0,1.0
5255,35.0,1.0
5256,35.0,1.0
5257,35.0,1.0
5258,35.0,1.0
5259,35.0,1.0
5260,35.0,1.0
5261,35.0,1.0
5262,35.0,1.0
5263,35.0,1.0
5264,35.0,1.0
5265,19.0,2.0
5266,13.0,2.0
5267,12.0,2.0
5268,9.0,2.0
5269,6.0,2.0
5270,6.0,2.0
5271,9.0,2.0
5272,11.0,2.0
5273,9.0,2.0
5274,8.0,2.0
5275,8.0,2.0
5276,8.0,2.0
5277,8.0,2.0
5278,9.0,2.0
5279,9.0,2.0
5280,8.0,2.0
5281,8.0,2.0
5282,8.0,2.0
5283,9.0,2.0
5284,9.0,2.0
5285,9.0,2.0
5286,9.0,2.0
5287,9.0,2.0
5288,9.0,2.0
5289,9.0,2.0
5290,9.0,2.0
5291,9.0,2.0
5292,9.0,2.0
5293,9.0,2.0
5294,9.0,2.0
5295,9.0,2.0
5296,46.0,3.0
5297,47.0,3.0
5298,48.0,3.0
5299,48.0,3.0
5300,47.0,3.0
5301,48.0,3.0
5302,48.0,3.0
5303,48.0,3.0
5304,48.0,3.0
5305,48.0,3.0
5306,48.0,3.0
5307,48.0,3.0
5308,48.0,3.0
5309,48.0,3.0
5310,48.0,3.0
5311,48.0,3.0
5312,48.0,3.0
5313,48.0,3.0
5314,48.0,3.0
5315,48.0,3.0
5316,48.0,3.0
5317,48.0,3.0
5318,48.0,3.0
5319,48.0,3.0
5320,48.0,3.0
5321,48.0,3.0
5322,48.0,3.0
5323,48.0,3.0
5324,48.0,3.0
5325,48.0,3.0
5326,48.0,3.0
5327,308.0,8.0
5328,245.0,6.0
5329,256.0,6.0
5330,253.0,6.0
5331,305.0,7.0
5332,345.0,9.0
5333,395.0,11.0
5334,355.0,9.0
5335,344.0,8.0
5336,369.0,9.0
5337,395.0,10.0
5338,424.0,12.0
5339,440.0,13.0
5340,446.0,13.0
5341,437.0,12.0
5342,443.0,13.0
5343,457.0,13.0
5344,467.0,14.0
5345,474.0,14.0
5346,477.0,15.0
5347,477.0,15.0
5348,477.0,15.0
5349,480.0,15.0
5350,483.0,15.0
5351,485.0,15.0
5352,486.0,15.0
5353,487.0,15.0
5354,487.0,15.0
5355,487.0,15.0
5356,488.0,15.0
5357,488.0,15.0
5358,121.0,1.0
5359,137.0,1.0
5360,155.0,1.0
5361,192.0,1.0
5362,229.0,2.0
5363,275.0,2.0
5364,339.0,2.0
5365,398.0,3.0
5366,452.0,3.0
5367,488.0,4.0
5368,494.0,4.0
5369,471.0,4.0
5370,428.0,4.0
5371,378.0,4.0
5372,329.0,4.0
5373,283.0,4.0
5374,244.0,4.0
5375,209.0,4.0
5376,179.0,4.0
5377,152.0,4.0
5378,128.0,4.0
5379,105.0,4.0
5380,85.0,4.0
5381,67.0,4.0
5382,50.0,4.0
5383,35.0,4.0
5384,22.0,4.0
5385,11.0,4.0
5386,1.0,4.0
5387,0.0,4.0
5388,0.0,3.0
5389,2.0,0.0
5390,2.0,0.0
5391,2.0,0.0
5392,2.0,0.0
5393,2.0,0.0
5394,2.0,0.0
5395,2.0,0.0
5396,2.0,0.0
5397,2.0,0.0
5398,2.0,0.0
5399,2.0,0.0
5400,2.0,0.0
5401,2.0,0.0
5402,2.0,0.0
5403,2.0,0.0
5404,2.0,0.0
5405,2.0,0.0
5406,2.0,0.0
5407,2.0,0.0
5408,2.0,0.0
5409,2.0,0.0
5410,2.0,0.0
5411,2.0,0.0
5412,2.0,0.0
5413,2.0,0.0
5414,2.0,0.0
5415,2.0,0.0
5416,2.0,0.0
5417,2.0,0.0
5418,2.0,0.0
5419,2.0,0.0
5420,1850.0,290.0
5421,1818.0,281.0
5422,1746.0,264.0
5423,1700.0,258.0
5424,1412.0,237.0
5425,1632.0,239.0
5426,1986.0,263.0
5427,2138.0,277.0
5428,2223.0,279.0
5429,2324.0,286.0
5430,2431.0,296.0
5431,2566.0,312.0
5432,2781.0,341.0
5433,2977.0,368.0
5434,3141.0,392.0
5435,3305.0,417.0
5436,3455.0,443.0
5437,3587.0,469.0
5438,3699.0,494.0
5439,3787.0,517.0
5440,3849.0,536.0
5441,3886.0,551.0
5442,3892.0,561.0
5443,3867.0,567.0
5444,3816.0,570.0
5445,3743.0,568.0
5446,3654.0,564.0
5447,3552.0,556.0
5448,3439.0,547.0
5449,3317.0,535.0
5450,3188.0,521.0
5451,41.0,0.0
5452,41.0,0.0
5453,41.0,0.0
5454,41.0,0.0
5455,42.0,0.0
5456,43.0,0.0
5457,43.0,0.0
5458,42.0,0.0
5459,42.0,0.0
5460,42.0,0.0
5461,42.0,0.0
5462,42.0,0.0
5463,42.0,0.0
5464,42.0,0.0
5465,42.0,0.0
5466,42.0,0.0
5467,42.0,0.0
5468,42.0,0.0
5469,42.0,0.0
5470,42.0,0.0
5471,42.0,0.0
5472,42.0,0.0
5473,42.0,0.0
5474,42.0,0.0
5475,42.0,0.0
5476,42.0,0.0
5477,42.0,0.0
5478,42.0,0.0
5479,42.0,0.0
5480,42.0,0.0
5481,42.0,0.0
5482,49.0,3.0
5483,54.0,3.0
5484,58.0,3.0
5485,60.0,3.0
5486,62.0,3.0
5487,64.0,3.0
5488,65.0,3.0
5489,65.0,3.0
5490,66.0,3.0
5491,66.0,3.0
5492,67.0,3.0
5493,67.0,3.0
5494,67.0,3.0
5495,67.0,3.0
5496,67.0,3.0
5497,68.0,3.0
5498,68.0,3.0
5499,68.0,3.0
5500,68.0,3.0
5501,68.0,3.0
5502,68.0,3.0
5503,68.0,3.0
5504,68.0,3.0
5505,68.0,3.0
5506,68.0,3.0
5507,68.0,3.0
5508,68.0,3.0
5509,68.0,3.0
5510,68.0,3.0
5511,68.0,3.0
5512,68.0,3.0
5513,0.0,0.0
5514,0.0,0.0
5515,0.0,0.0
5516,0.0,0.0
5517,0.0,0.0
5518,0.0,0.0
5519,0.0,0.0
5520,0.0,0.0
5521,0.0,0.0
5522,0.0,0.0
5523,0.0,0.0
5524,0.0,0.0
5525,0.0,0.0
5526,0.0,0.0
5527,0.0,0.0
5528,0.0,0.0
5529,0.0,0.0
5530,0.0,0.0
5531,0.0,0.0
5532,0.0,0.0
5533,0.0,0.0
5534,0.0,0.0
5535,0.0,0.0
5536,0.0,0.0
5537,0.0,0.0
5538,0.0,0.0
5539,0.0,0.0
5540,0.0,0.0
5541,0.0,0.0
5542,0.0,0.0
5543,0.0,0.0
5544,6.0,0.0
5545,6.0,0.0
5546,6.0,0.0
5547,6.0,0.0
5548,6.0,0.0
5549,6.0,0.0
5550,6.0,0.0
5551,5.0,0.0
5552,5.0,0.0
5553,5.0,0.0
5554,5.0,0.0
5555,5.0,0.0
5556,5.0,0.0
5557,4.0,0.0
5558,4.0,0.0
5559,4.0,0.0
5560,4.0,0.0
5561,4.0,0.0
5562,4.0,0.0
5563,4.0,0.0
5564,4.0,0.0
5565,4.0,0.0
5566,4.0,0.0
5567,4.0,0.0
5568,4.0,0.0
5569,4.0,0.0
5570,4.0,0.0
5571,4.0,0.0
5572,4.0,0.0
5573,4.0,0.0
5574,4.0,0.0
5575,693.0,143.0
5576,713.0,123.0
5577,606.0,73.0
5578,505.0,54.0
5579,476.0,74.0
5580,548.0,111.0
5581,607.0,128.0
5582,674.0,134.0
5583,692.0,116.0
5584,622.0,82.0
5585,530.0,64.0
5586,491.0,76.0
5587,523.0,102.0
5588,591.0,122.0
5589,657.0,130.0
5590,679.0,117.0
5591,632.0,90.0
5592,551.0,70.0
5593,505.0,75.0
5594,520.0,96.0
5595,579.0,117.0
5596,641.0,127.0
5597,670.0,119.0
5598,639.0,96.0
5599,568.0,76.0
5600,518.0,76.0
5601,521.0,93.0
5602,570.0,113.0
5603,628.0,124.0
5604,661.0,119.0
5605,643.0,100.0
5606,137.0,24.0
5607,148.0,22.0
5608,163.0,21.0
5609,151.0,20.0
5610,136.0,21.0
5611,134.0,21.0
5612,142.0,21.0
5613,147.0,21.0
5614,151.0,21.0
5615,151.0,21.0
5616,149.0,21.0
5617,148.0,21.0
5618,149.0,21.0
5619,151.0,21.0
5620,153.0,21.0
5621,153.0,21.0
5622,154.0,21.0
5623,154.0,21.0
5624,154.0,21.0
5625,155.0,21.0
5626,155.0,21.0
5627,156.0,21.0
5628,156.0,21.0
5629,156.0,21.0
5630,156.0,21.0
5631,156.0,21.0
5632,156.0,21.0
5633,156.0,21.0
5634,156.0,21.0
5635,156.0,21.0
5636,156.0,21.0
5637,1.0,0.0
5638,1.0,0.0
5639,1.0,0.0
5640,1.0,0.0
5641,1.0,0.0
5642,1.0,0.0
5643,1.0,0.0
5644,1.0,0.0
5645,1.0,0.0
5646,1.0,0.0
5647,1.0,0.0
5648,1.0,0.0
5649,1.0,0.0
5650,1.0,0.0
5651,1.0,0.0
5652,1.0,0.0
5653,1.0,0.0
5654,1.0,0.0
5655,1.0,0.0
5656,1.0,0.0
5657,1.0,0.0
5658,1.0,0.0
5659,1.0,0.0
5660,1.0,0.0
5661,1.0,0.0
5662,1.0,0.0
5663,1.0,0.0
5664,1.0,0.0
5665,1.0,0.0
5666,1.0,0.0
5667,1.0,0.0
5668,2.0,0.0
5669,3.0,0.0
5670,3.0,0.0
5671,4.0,0.0
5672,4.0,0.0
5673,4.0,0.0
5674,4.0,0.0
5675,4.0,0.0
5676,4.0,0.0
5677,4.0,0.0
5678,4.0,0.0
5679,4.0,0.0
5680,4.0,0.0
5681,4.0,0.0
5682,4.0,0.0
5683,4.0,0.0
5684,4.0,0.0
5685,4.0,0.0
5686,4.0,0.0
5687,4.0,0.0
5688,4.0,0.0
5689,4.0,0.0
5690,4.0,0.0
5691,4.0,0.0
5692,4.0,0.0
5693,4.0,0.0
5694,4.0,0.0
5695,4.0,0.0
5696,4.0,0.0
5697,4.0,0.0
5698,4.0,0.0
5699,16.0,1.0
5700,19.0,1.0
5701,21.0,1.0
5702,23.0,1.0
5703,24.0,1.0
5704,25.0,1.0
5705,25.0,1.0
5706,18.0,1.0
5707,18.0,1.0
5708,18.0,1.0
5709,18.0,1.0
5710,18.0,1.0
5711,17.0,1.0
5712,17.0,1.0
5713,17.0,1.0
5714,17.0,1.0
5715,17.0,1.0
5716,16.0,1.0
5717,16.0,1.0
5718,16.0,1.0
5719,16.0,1.0
5720,16.0,1.0
5721,16.0,1.0
5722,16.0,1.0
5723,16.0,1.0
5724,16.0,1.0
5725,16.0,1.0
5726,16.0,1.0
5727,16.0,1.0
5728,16.0,1.0
5729,16.0,1.0
5730,43.0,1.0
5731,44.0,1.0
5732,39.0,1.0
5733,35.0,1.0
5734,31.0,1.0
5735,59.0,1.0
5736,64.0,1.0
5737,66.0,1.0
5738,68.0,2.0
5739,70.0,2.0
5740,74.0,2.0
5741,77.0,2.0
5742,79.0,2.0
5743,73.0,2.0
5744,67.0,2.0
5745,63.0,2.0
5746,60.0,2.0
5747,55.0,2.0
5748,51.0,2.0
5749,46.0,2.0
5750,42.0,2.0
5751,38.0,2.0
5752,34.0,1.0
5753,31.0,1.0
5754,28.0,1.0
5755,26.0,1.0
5756,24.0,1.0
5757,23.0,1.0
5758,23.0,1.0
5759,23.0,1.0
5760,25.0,1.0
5761,1.0,0.0
5762,1.0,0.0
5763,1.0,0.0
5764,1.0,0.0
5765,1.0,0.0
5766,1.0,0.0
5767,1.0,0.0
5768,1.0,0.0
5769,1.0,0.0
5770,1.0,0.0
5771,1.0,0.0
5772,1.0,0.0
5773,1.0,0.0
5774,1.0,0.0
5775,1.0,0.0
5776,1.0,0.0
5777,1.0,0.0
5778,1.0,0.0
5779,1.0,0.0
5780,1.0,0.0
5781,1.0,0.0
5782,1.0,0.0
5783,1.0,0.0
5784,1.0,0.0
5785,1.0,0.0
5786,1.0,0.0
5787,1.0,0.0
5788,1.0,0.0
5789,1.0,0.0
5790,1.0,0.0
5791,1.0,0.0
5792,2.0,0.0
5793,2.0,0.0
5794,2.0,0.0
5795,2.0,0.0
5796,2.0,0.0
5797,2.0,0.0
5798,2.0,0.0
5799,2.0,0.0
5800,2.0,0.0
5801,2.0,0.0
5802,2.0,0.0
5803,2.0,0.0
5804,2.0,0.0
5805,2.0,0.0
5806,2.0,0.0
5807,2.0,0.0
5808,2.0,0.0
5809,2.0,0.0
5810,2.0,0.0
5811,2.0,0.0
5812,2.0,0.0
5813,2.0,0.0
5814,2.0,0.0
5815,2.0,0.0
5816,2.0,0.0
5817,2.0,0.0
5818,2.0,0.0
5819,2.0,0.0
5820,2.0,0.0
5821,2.0,0.0
5822,2.0,0.0
5823,1.0,0.0
5824,1.0,0.0
5825,1.0,0.0
5826,1.0,0.0
5827,1.0,0.0
5828,1.0,0.0
5829,1.0,0.0
5830,1.0,0.0
5831,1.0,0.0
5832,1.0,0.0
5833,1.0,0.0
5834,1.0,0.0
5835,1.0,0.0
5836,1.0,0.0
5837,1.0,0.0
5838,1.0,0.0
5839,1.0,0.0
5840,1.0,0.0
5841,1.0,0.0
5842,1.0,0.0
5843,1.0,0.0
5844,1.0,0.0
5845,1.0,0.0
5846,1.0,0.0
5847,1.0,0.0
5848,1.0,0.0
5849,1.0,0.0
5850,1.0,0.0
5851,1.0,0.0
5852,1.0,0.0
5853,1.0,0.0
5854,17.0,1.0
5855,17.0,1.0
5856,18.0,1.0
5857,18.0,1.0
5858,19.0,1.0
5859,20.0,1.0
5860,21.0,1.0
5861,21.0,1.0
5862,22.0,1.0
5863,22.0,1.0
5864,22.0,1.0
5865,23.0,1.0
5866,23.0,1.0
5867,23.0,1.0
5868,23.0,1.0
5869,23.0,1.0
5870,23.0,1.0
5871,23.0,1.0
5872,24.0,1.0
5873,24.0,1.0
5874,24.0,1.0
5875,24.0,1.0
5876,24.0,1.0
5877,24.0,1.0
5878,24.0,1.0
5879,24.0,1.0
5880,24.0,1.0
5881,24.0,1.0
5882,24.0,1.0
5883,24.0,1.0
5884,24.0,1.0
5885,2781.0,84.0
5886,2872.0,83.0
5887,2973.0,82.0
5888,3094.0,82.0
5889,3227.0,85.0
5890,3367.0,88.0
5891,3496.0,90.0
5892,3591.0,92.0
5893,3675.0,95.0
5894,3740.0,98.0
5895,3784.0,100.0
5896,3807.0,102.0
5897,3811.0,104.0
5898,3798.0,105.0
5899,3769.0,106.0
5900,3721.0,107.0
5901,3661.0,107.0
5902,3593.0,107.0
5903,3521.0,107.0
5904,3449.0,106.0
5905,3381.0,105.0
5906,3321.0,104.0
5907,3271.0,102.0
5908,3233.0,101.0
5909,3208.0,100.0
5910,3196.0,98.0
5911,3196.0,97.0
5912,3207.0,96.0
5913,3227.0,96.0
5914,3254.0,95.0
5915,3285.0,95.0
5916,0.0,0.0
5917,0.0,0.0
5918,0.0,0.0
5919,0.0,0.0
5920,0.0,0.0
5921,0.0,0.0
5922,0.0,0.0
5923,0.0,0.0
5924,0.0,0.0
5925,0.0,0.0
5926,0.0,0.0
5927,0.0,0.0
5928,0.0,0.0
5929,0.0,0.0
5930,0.0,0.0
5931,0.0,0.0
5932,0.0,0.0
5933,0.0,0.0
5934,0.0,0.0
5935,0.0,0.0
5936,0.0,0.0
5937,0.0,0.0
5938,0.0,0.0
5939,0.0,0.0
5940,0.0,0.0
5941,0.0,0.0
5942,0.0,0.0
5943,0.0,0.0
5944,0.0,0.0
5945,0.0,0.0
5946,0.0,0.0
5947,2.0,0.0
5948,2.0,0.0
5949,2.0,0.0
5950,2.0,0.0
5951,2.0,0.0
5952,2.0,0.0
5953,2.0,0.0
5954,2.0,0.0
5955,2.0,0.0
5956,2.0,0.0
5957,2.0,0.0
5958,2.0,0.0
5959,2.0,0.0
5960,2.0,0.0
5961,2.0,0.0
5962,2.0,0.0
5963,2.0,0.0
5964,2.0,0.0
5965,2.0,0.0
5966,2.0,0.0
5967,2.0,0.0
5968,2.0,0.0
5969,2.0,0.0
5970,2.0,0.0
5971,2.0,0.0
5972,2.0,0.0
5973,2.0,0.0
5974,2.0,0.0
5975,2.0,0.0
5976,2.0,0.0
5977,2.0,0.0
5978,412.0,10.0
5979,417.0,10.0
5980,420.0,10.0
5981,421.0,10.0
5982,422.0,10.0
5983,436.0,10.0
5984,431.0,10.0
5985,430.0,10.0
5986,430.0,10.0
5987,431.0,10.0
5988,431.0,10.0
5989,431.0,10.0
5990,432.0,10.0
5991,432.0,10.0
5992,432.0,10.0
5993,432.0,10.0
5994,432.0,10.0
5995,432.0,10.0
5996,432.0,10.0
5997,432.0,10.0
5998,432.0,10.0
5999,432.0,10.0
6000,432.0,10.0
6001,432.0,10.0
6002,432.0,10.0
6003,432.0,10.0
6004,432.0,10.0
6005,432.0,10.0
6006,432.0,10.0
6007,432.0,10.0
6008,432.0,10.0
6009,522.0,8.0
6010,524.0,9.0
6011,525.0,9.0
6012,525.0,9.0
6013,526.0,9.0
6014,527.0,9.0
6015,527.0,9.0
6016,527.0,9.0
6017,528.0,9.0
6018,528.0,10.0
6019,528.0,10.0
6020,529.0,10.0
6021,529.0,10.0
6022,529.0,10.0
6023,530.0,10.0
6024,530.0,10.0
6025,530.0,10.0
6026,530.0,10.0
6027,531.0,10.0
6028,531.0,10.0
6029,531.0,10.0
6030,531.0,10.0
6031,531.0,10.0
6032,531.0,10.0
6033,531.0,10.0
6034,532.0,10.0
6035,532.0,10.0
6036,532.0,10.0
6037,532.0,10.0
6038,532.0,10.0
6039,532.0,10.0
6040,4772.0,853.0
6041,4877.0,849.0
6042,4978.0,839.0
6043,5036.0,831.0
6044,5039.0,833.0
6045,5020.0,839.0
6046,5010.0,842.0
6047,5000.0,845.0
6048,5001.0,846.0
6049,5004.0,846.0
6050,5006.0,846.0
6051,5008.0,846.0
6052,5009.0,845.0
6053,5009.0,845.0
6054,5009.0,845.0
6055,5009.0,845.0
6056,5009.0,845.0
6057,5009.0,845.0
6058,5009.0,845.0
6059,5009.0,845.0
6060,5009.0,845.0
6061,5009.0,845.0
6062,5009.0,845.0
6063,5009.0,845.0
6064,5009.0,845.0
6065,5009.0,845.0
6066,5009.0,845.0
6067,5009.0,845.0
6068,5009.0,845.0
6069,5009.0,845.0
6070,5009.0,845.0
6071,29396.0,2168.0
6072,29698.0,2249.0
6073,29671.0,2385.0
6074,28978.0,2048.0
6075,28923.0,2047.0
6076,29008.0,2130.0
6077,29204.0,2205.0
6078,29382.0,2243.0
6079,29385.0,2242.0
6080,29390.0,2238.0
6081,29414.0,2239.0
6082,29382.0,2243.0
6083,29352.0,2248.0
6084,29338.0,2253.0
6085,29333.0,2256.0
6086,29330.0,2256.0
6087,29325.0,2257.0
6088,29318.0,2256.0
6089,29310.0,2255.0
6090,29304.0,2254.0
6091,29301.0,2254.0
6092,29299.0,2253.0
6093,29298.0,2253.0
6094,29298.0,2253.0
6095,29298.0,2252.0
6096,29298.0,2252.0
6097,29298.0,2252.0
6098,29298.0,2252.0
6099,29299.0,2251.0
6100,29299.0,2251.0
6101,29299.0,2251.0
6102,1.0,0.0
6103,1.0,0.0
6104,1.0,0.0
6105,1.0,0.0
6106,1.0,0.0
6107,1.0,0.0
6108,1.0,0.0
6109,1.0,0.0
6110,1.0,0.0
6111,1.0,0.0
6112,1.0,0.0
6113,1.0,0.0
6114,1.0,0.0
6115,1.0,0.0
6116,1.0,0.0
6117,1.0,0.0
6118,1.0,0.0
6119,1.0,0.0
6120,1.0,0.0
6121,1.0,0.0
6122,1.0,0.0
6123,1.0,0.0
6124,1.0,0.0
6125,1.0,0.0
6126,1.0,0.0
6127,1.0,0.0
6128,1.0,0.0
6129,1.0,0.0
6130,1.0,0.0
6131,1.0,0.0
6132,1.0,0.0
6133,11.0,0.0
6134,10.0,0.0
6135,10.0,0.0
6136,10.0,0.0
6137,11.0,0.0
6138,10.0,0.0
6139,10.0,0.0
6140,10.0,0.0
6141,10.0,0.0
6142,10.0,0.0
6143,10.0,0.0
6144,10.0,0.0
6145,10.0,0.0
6146,10.0,0.0
6147,10.0,0.0
6148,10.0,0.0
6149,10.0,0.0
6150,10.0,0.0
6151,10.0,0.0
6152,10.0,0.0
6153,10.0,0.0
6154,10.0,0.0
6155,9.0,0.0
6156,9.0,0.0
6157,9.0,0.0
6158,9.0,0.0
6159,9.0,0.0
6160,9.0,0.0
6161,9.0,0.0
6162,9.0,0.0
6163,9.0,0.0
6164,53.0,0.0
6165,52.0,0.0
6166,56.0,0.0
6167,58.0,0.0
6168,62.0,0.0
6169,65.0,0.0
6170,67.0,0.0
6171,69.0,0.0
6172,70.0,0.0
6173,71.0,0.0
6174,72.0,0.0
6175,73.0,0.0
6176,74.0,0.0
6177,74.0,0.0
6178,74.0,0.0
6179,75.0,0.0
6180,75.0,0.0
6181,75.0,0.0
6182,75.0,0.0
6183,75.0,0.0
6184,75.0,0.0
6185,75.0,0.0
6186,75.0,0.0
6187,75.0,0.0
6188,75.0,0.0
6189,75.0,0.0
6190,76.0,0.0
6191,76.0,0.0
6192,76.0,0.0
6193,76.0,0.0
6194,76.0,0.0
6195,0.0,0.0
6196,0.0,0.0
6197,0.0,0.0
6198,0.0,0.0
6199,0.0,0.0
6200,0.0,0.0
6201,0.0,0.0
6202,0.0,0.0
6203,0.0,0.0
6204,0.0,0.0
6205,0.0,0.0
6206,0.0,0.0
6207,0.0,0.0
6208,0.0,0.0
6209,0.0,0.0
6210,0.0,0.0
6211,0.0,0.0
6212,0.0,0.0
6213,0.0,0.0
6214,0.0,0.0
6215,0.0,0.0
6216,0.0,0.0
6217,0.0,0.0
6218,0.0,0.0
6219,0.0,0.0
6220,0.0,0.0
6221,0.0,0.0
6222,0.0,0.0
6223,0.0,0.0
6224,0.0,0.0
6225,0.0,0.0
6226,11.0,0.0
6227,11.0,0.0
6228,11.0,0.0
6229,11.0,0.0
6230,10.0,0.0
6231,9.0,0.0
6232,8.0,0.0
6233,8.0,0.0
6234,8.0,0.0
6235,8.0,0.0
6236,8.0,0.0
6237,8.0,0.0
6238,8.0,0.0
6239,8.0,0.0
6240,8.0,0.0
6241,8.0,0.0
6242,8.0,0.0
6243,8.0,0.0
6244,8.0,0.0
6245,8.0,0.0
6246,8.0,0.0
6247,8.0,0.0
6248,8.0,0.0
6249,8.0,0.0
6250,8.0,0.0
6251,8.0,0.0
6252,8.0,0.0
6253,8.0,0.0
6254,8.0,0.0
6255,8.0,0.0
6256,8.0,0.0
6257,2.0,0.0
6258,2.0,0.0
6259,2.0,0.0
6260,2.0,0.0
6261,2.0,0.0
6262,2.0,0.0
6263,3.0,0.0
6264,3.0,0.0
6265,3.0,0.0
6266,3.0,0.0
6267,3.0,0.0
6268,3.0,0.0
6269,3.0,0.0
6270,3.0,0.0
6271,3.0,0.0
6272,3.0,0.0
6273,3.0,0.0
6274,3.0,0.0
6275,3.0,0.0
6276,3.0,0.0
6277,3.0,0.0
6278,3.0,0.0
6279,3.0,0.0
6280,3.0,0.0
6281,3.0,0.0
6282,3.0,0.0
6283,3.0,0.0
6284,3.0,0.0
6285,3.0,0.0
6286,3.0,0.0
6287,3.0,0.0
6288,3.0,1.0
6289,3.0,1.0
6290,3.0,1.0
6291,3.0,1.0
6292,3.0,1.0
6293,3.0,1.0
6294,3.0,1.0
6295,3.0,1.0
6296,3.0,1.0
6297,3.0,1.0
6298,3.0,1.0
6299,3.0,1.0
6300,3.0,1.0
6301,3.0,1.0
6302,3.0,1.0
6303,3.0,1.0
6304,3.0,1.0
6305,3.0,1.0
6306,3.0,1.0
6307,3.0,1.0
6308,3.0,1.0
6309,3.0,1.0
6310,3.0,1.0
6311,3.0,1.0
6312,3.0,1.0
6313,3.0,1.0
6314,3.0,1.0
6315,3.0,1.0
6316,3.0,1.0
6317,3.0,1.0
6318,3.0,1.0
6319,0.0,0.0
6320,0.0,0.0
6321,1.0,0.0
6322,1.0,0.0
6323,1.0,0.0
6324,1.0,0.0
6325,1.0,0.0
6326,0.0,0.0
6327,0.0,0.0
6328,0.0,0.0
6329,0.0,0.0
6330,0.0,0.0
6331,0.0,0.0
6332,0.0,0.0
6333,0.0,0.0
6334,0.0,0.0
6335,0.0,0.0
6336,0.0,0.0
6337,0.0,0.0
6338,0.0,0.0
6339,0.0,0.0
6340,0.0,0.0
6341,0.0,0.0
6342,0.0,0.0
6343,0.0,0.0
6344,0.0,0.0
6345,0.0,0.0
6346,0.0,0.0
6347,0.0,0.0
6348,0.0,0.0
6349,0.0,0.0
6350,3.0,0.0
6351,3.0,0.0
6352,3.0,0.0
6353,3.0,0.0
6354,3.0,0.0
6355,3.0,0.0
6356,3.0,0.0
6357,3.0,0.0
6358,3.0,0.0
6359,3.0,0.0
6360,3.0,0.0
6361,3.0,0.0
6362,3.0,0.0
6363,3.0,0.0
6364,3.0,0.0
6365,3.0,0.0
6366,3.0,0.0
6367,3.0,0.0
6368,3.0,0.0
6369,3.0,0.0
6370,3.0,0.0
6371,3.0,0.0
6372,3.0,0.0
6373,3.0,0.0
6374,3.0,0.0
6375,3.0,0.0
6376,3.0,0.0
6377,3.0,0.0
6378,3.0,0.0
6379,3.0,0.0
6380,3.0,0.0
6381,1.0,0.0
6382,2.0,0.0
6383,1.0,0.0
6384,1.0,0.0
6385,1.0,0.0
6386,1.0,0.0
6387,1.0,0.0
6388,1.0,0.0
6389,1.0,0.0
6390,1.0,0.0
6391,1.0,0.0
6392,1.0,0.0
6393,1.0,0.0
6394,1.0,0.0
6395,1.0,0.0
6396,1.0,0.0
6397,1.0,0.0
6398,1.0,0.0
6399,1.0,0.0
6400,1.0,0.0
6401,1.0,0.0
6402,1.0,0.0
6403,1.0,0.0
6404,1.0,0.0
6405,1.0,0.0
6406,1.0,0.0
6407,1.0,0.0
6408,1.0,0.0
6409,1.0,0.0
6410,1.0,0.0
6411,1.0,0.0
6412,78787.0,6733.0
6413,78722.0,6732.0
6414,78718.0,6776.0
6415,78379.0,6628.0
6416,78333.0,6601.0
6417,78545.0,6694.0
6418,78643.0,6735.0
6419,78655.0,6740.0
6420,78653.0,6739.0
6421,78652.0,6738.0
6422,78650.0,6736.0
6423,78653.0,6737.0
6424,78656.0,6740.0
6425,78658.0,6741.0
6426,78658.0,6741.0
6427,78658.0,6741.0
6428,78658.0,6741.0
6429,78658.0,6741.0
6430,78658.0,6742.0
6431,78658.0,6742.0
6432,78658.0,6742.0
6433,78658.0,6742.0
6434,78658.0,6742.0
6435,78658.0,6742.0
6436,78658.0,6742.0
6437,78658.0,6742.0
6438,78658.0,6742.0
6439,78658.0,6742.0
6440,78658.0,6742.0
6441,78658.0,6742.0
6442,78658.0,6742.0
